id;titre;ancien;grades;noeud_propose;confiance;raison
bb6749d5-59a2-4b26-b259-bb64dcf9b600;Chiffrement affine : clé valable et formule de déchiffrement;Arithmétique > Congruences > Chiffrement;T_EXP;Arithmétique > Congruences > chiffrement;haute;correspondance directe
86199c41-5344-4aea-8ad3-b3083ae1bfe4;Chiffrement affine modulo 26 et chiffrement de Hill;Arithmétique > Congruences > Chiffrement;T_EXP;Arithmétique > Congruences > chiffrement;haute;correspondance directe
3091d426-e98f-4da1-abc1-1777dc2061f3;Congruences : compatibilité avec les opérations, tables de restes;Arithmétique > Congruences > Congruences;T_EXP;Arithmétique > Congruences > congruences;haute;correspondance directe
bd7f1336-d58f-47d4-869f-98bc5cc57958;Inverse modulo n et congruence ax ≡ b [n];Arithmétique > Congruences > Congruences;T_EXP;Arithmétique > Congruences > congruences;haute;correspondance directe
046ee43f-2f1d-4563-96cb-ff96d68c7fbf;Reste de aⁿ modulo m : cycle des restes;Arithmétique > Congruences > Congruences;T_EXP;Arithmétique > Congruences > congruences;haute;correspondance directe
e12e4d95-1e6c-4d37-ae9c-77304ad0ea4a;Diviseurs d'un entier : les compter, en donner un;Arithmétique > Divisibilité > Divisibilité;T_EXP;Arithmétique > Divisibilité > multiples et diviseurs;haute;titre
411abdf2-13ff-459c-a961-5fb67658bd0c;Tests de divisibilité par 3, 9 et 11;Arithmétique > Divisibilité > Divisibilité;T_EXP;Arithmétique > Divisibilité > critères de divisibilité;haute;titre
e2366d49-d150-4a5a-8097-0636db5b3c27;Division euclidienne : quotient et reste, dividende négatif;Arithmétique > Divisibilité > Division euclidienne;T_EXP;Arithmétique > Divisibilité > division euclidienne;haute;correspondance directe
629c231b-50d4-459f-9361-fa8098f4d079;Décomposition en facteurs premiers et nombre de diviseurs;Arithmétique > Nombres premiers > Nombres premiers;T_EXP;Arithmétique > Nombres premiers > décomposition en facteurs premiers;haute;titre
d9937325-b96e-462e-8e99-bb74f0c92a63;Infinité des nombres premiers : calculs autour de p₁ × … × pₖ + 1;Arithmétique > Nombres premiers > Nombres premiers;T_EXP;Arithmétique > Nombres premiers > reconnaître un nombre premier;haute;relance 2026-10-07 : décision AA2 : points sous « reconnaître »
0fbe194d-003b-4407-8486-10b0141530a7;Infinité des nombres premiers : l'idée de la preuve;Arithmétique > Nombres premiers > Nombres premiers;T_EXP;Arithmétique > Nombres premiers > reconnaître un nombre premier;haute;relance 2026-10-07 : décision AA2 : points sous « reconnaître »
b7304fcb-afc1-449b-90ce-57343621fbc0;Nombres premiers : en trouver un, étudier la primalité;Arithmétique > Nombres premiers > Nombres premiers;T_EXP;Arithmétique > Nombres premiers > reconnaître un nombre premier;haute;titre
3edf49f2-16e4-4deb-940d-42c01fa61519;Petit théorème de Fermat : reste d'une puissance modulo p;Arithmétique > Nombres premiers > Nombres premiers;T_EXP;Arithmétique > Congruences > petit théorème de Fermat;haute;relance 2026-10-07 : sous-notion créée au lot Expertes (AA2)
aebb400f-be97-43be-af91-d41156712dd0;PGCD de deux entiers, algorithme d'Euclide;Arithmétique > PGCD, Bézout et Gauss > PGCD;T_EXP;Arithmétique > PGCD, Bézout et Gauss > PGCD;haute;correspondance directe
44a4236b-be18-4835-a6e0-c50f0b36833f;Gauss, Bézout, premiers entre eux : quelle conclusion ?;Arithmétique > PGCD, Bézout et Gauss > PGCD, Bézout et Gauss;T_EXP;Arithmétique > PGCD, Bézout et Gauss > théorèmes de Bézout et de Gauss;haute;titre (Bézout, Gauss)
7d244203-3ea6-4c4d-9b3d-869ae82ccceb;Théorème de Bézout : trouver des coefficients u et v;Arithmétique > PGCD, Bézout et Gauss > PGCD, Bézout et Gauss;T_EXP;Arithmétique > PGCD, Bézout et Gauss > théorèmes de Bézout et de Gauss;haute;titre (Bézout, Gauss)
d2d94e71-f768-46ac-883d-ef239bb7cf17;Équation diophantienne ax + by = c : ensemble des solutions;Arithmétique > PGCD, Bézout et Gauss > Équations diophantiennes;T_EXP;Arithmétique > PGCD, Bézout et Gauss > équations diophantiennes;haute;correspondance directe
6233c5a9-0ce4-4bc0-b613-43263c736cc3;Équation diophantienne ax + by = c : une solution particulière;Arithmétique > PGCD, Bézout et Gauss > Équations diophantiennes;T_EXP;Arithmétique > PGCD, Bézout et Gauss > équations diophantiennes;haute;correspondance directe
554496dd-506a-4110-8132-81fb9c494378;Calculer en substituant les variables;Calcul littéral > Calculs > Par substitution;5;Algèbre > Calcul littéral > substitution;haute;correspondance directe
6f196b0c-bb7f-47b0-a842-de67922c3566;Calculer en substituant les variables;Calcul littéral > Calculs > Par substitution;5;Algèbre > Calcul littéral > substitution;haute;correspondance directe
11aa8848-272f-48b0-9e2f-94abf8533523;Calculer en substituant les variables;Calcul littéral > Calculs > Par substitution;5;Algèbre > Calcul littéral > substitution;haute;correspondance directe
d0e52256-07bd-40b5-bfbf-4f768c232ef8;Calculer en substituant une valeur;Calcul littéral > Calculs > Par substitution;5;Algèbre > Calcul littéral > substitution;haute;correspondance directe
07de8610-123c-49c8-9258-edf4ce098354;Addition $a+x=b$;Calcul littéral > Equations > Dans $$\N$$;5;Algèbre > Équations : premier degré > ax + b = c;haute;relance 2026-10-07 : cible confirmée sur l'arbre 2026-10-07.12
1a6ff542-94c6-4f90-a4cc-e67f9af3cc59;Division $x \div a=b$;Calcul littéral > Equations > Dans $$\N$$;5;Algèbre > Équations : premier degré > ax = b;haute;relance 2026-10-07 : cible confirmée sur l'arbre 2026-10-07.12
c0c8920a-3a94-4d0c-8f39-b34f636d7f50;Division (2) $a \div x = b$;Calcul littéral > Equations > Dans $$\N$$;5;Algèbre > Équations : premier degré > ax = b;haute;relance 2026-10-07 : cible confirmée sur l'arbre 2026-10-07.12
aca32223-37cb-4d05-8d4d-5fe27bb9b921;Multiplication $a \times x=b$;Calcul littéral > Equations > Dans $$\N$$;5;Algèbre > Équations : premier degré > ax = b;haute;relance 2026-10-07 : cible confirmée sur l'arbre 2026-10-07.12
2c695c23-74d0-44e4-998c-a048ad7d231b;Soustraction  $x-a=b$;Calcul littéral > Equations > Dans $$\N$$;5;Algèbre > Équations : premier degré > ax + b = c;haute;relance 2026-10-07 : cible confirmée sur l'arbre 2026-10-07.12
6bc8108f-f558-4218-9a50-f0bb254af5f5;Soustraction (2)  $a-x=b$;Calcul littéral > Equations > Dans $$\N$$;5;Algèbre > Équations : premier degré > ax + b = c;haute;relance 2026-10-07 : cible confirmée sur l'arbre 2026-10-07.12
91d67722-87da-4afd-a5e8-bda65c28ed84;Addition;Calcul littéral > Equations > Dans $$\Q$$;5;Algèbre > Équations : premier degré > ax + b = c;haute;relance 2026-10-07 : cible confirmée sur l'arbre 2026-10-07.12
07a51f8f-dcce-495d-a388-0596567c2015;Division;Calcul littéral > Equations > Dans $$\Q$$;4;Algèbre > Équations : premier degré > ax = b;haute;relance 2026-10-07 : cible confirmée sur l'arbre 2026-10-07.12
419887ff-ab39-43fb-8e5c-953822088459;Division (2);Calcul littéral > Equations > Dans $$\Q$$;4;Algèbre > Équations : premier degré > ax = b;haute;relance 2026-10-07 : cible confirmée sur l'arbre 2026-10-07.12
6a60ed10-3090-4278-b39a-292a6601c5c6;Multiplication;Calcul littéral > Equations > Dans $$\Q$$;4;Algèbre > Équations : premier degré > ax = b;haute;relance 2026-10-07 : cible confirmée sur l'arbre 2026-10-07.12
8ad66c77-ecb1-44bb-86f6-321248445615;Soustraction;Calcul littéral > Equations > Dans $$\Q$$;5;Algèbre > Équations : premier degré > ax + b = c;haute;relance 2026-10-07 : cible confirmée sur l'arbre 2026-10-07.12
a73f55ba-fa9d-4946-ac94-a2606be8013c;Soustraction (2);Calcul littéral > Equations > Dans $$\Q$$;5;Algèbre > Équations : premier degré > ax + b = c;haute;relance 2026-10-07 : cible confirmée sur l'arbre 2026-10-07.12
b5fb27b0-dd83-4d19-bb23-fec0f51c82bb;Addition;Calcul littéral > Equations > Dans $$\Z$$;5;Algèbre > Équations : premier degré > ax + b = c;haute;relance 2026-10-07 : cible confirmée sur l'arbre 2026-10-07.12
4466d293-33fd-4a47-b707-2e56297ed527;Division;Calcul littéral > Equations > Dans $$\Z$$;4;Algèbre > Équations : premier degré > ax = b;haute;relance 2026-10-07 : cible confirmée sur l'arbre 2026-10-07.12
b0ef6947-e4b9-478e-825b-bc7a2756e222;Division (2) $a/x=b$;Calcul littéral > Equations > Dans $$\Z$$;4;Algèbre > Équations : premier degré > ax = b;haute;relance 2026-10-07 : cible confirmée sur l'arbre 2026-10-07.12
53b5e68d-28ae-4bd8-9cb0-a4335ca689a7;Multiplication;Calcul littéral > Equations > Dans $$\Z$$;4;Algèbre > Équations : premier degré > ax = b;haute;relance 2026-10-07 : cible confirmée sur l'arbre 2026-10-07.12
3af94d7d-9a25-4702-990c-1e4b435b56df;Opposé $-x=a$;Calcul littéral > Equations > Dans $$\Z$$;5;Algèbre > Équations : premier degré > ax = b;haute;relance 2026-10-07 : cible confirmée sur l'arbre 2026-10-07.12
60274461-d74e-4f9d-bde0-64059d17d7c7;Soustraction $x-a=b$;Calcul littéral > Equations > Dans $$\Z$$;5;Algèbre > Équations : premier degré > ax + b = c;haute;relance 2026-10-07 : cible confirmée sur l'arbre 2026-10-07.12
d80e2e02-b4eb-4170-84f3-ce4fcbe94875;Soustraction (2) $a-x=b$;Calcul littéral > Equations > Dans $$\Z$$;5;Algèbre > Équations : premier degré > ax + b = c;haute;relance 2026-10-07 : cible confirmée sur l'arbre 2026-10-07.12
779ee55a-2fc4-4778-b7b0-4ea4b99e5646;Équation linéaire du premier degré;Calcul littéral > Equations > Linéaire du premier degré;4;Algèbre > Équations : premier degré;haute;correspondance directe (forme non précisée)
8c173562-4cfe-4a98-9d03-ca33313ff4e2;Équation linéaire du premier degré;Calcul littéral > Equations > Linéaire du premier degré;4;Algèbre > Équations : premier degré;haute;correspondance directe (forme non précisée)
53834a24-7e69-4ce6-a2be-b98cf56de981;Équation linéaire du premier degré;Calcul littéral > Equations > Linéaire du premier degré;4;Algèbre > Équations : premier degré;haute;correspondance directe (forme non précisée)
dcf060e6-647c-40c7-b5e4-9bb680010bc6;Équation linéaire du premier degré;Calcul littéral > Equations > Linéaire du premier degré;4;Algèbre > Équations : premier degré;haute;correspondance directe (forme non précisée)
e32c95b0-6da2-42bd-8628-5aced23320c2;Équation linéaire du premier degré;Calcul littéral > Equations > Linéaire du premier degré;4;Algèbre > Équations : premier degré;haute;correspondance directe (forme non précisée)
c81c5852-9be1-4bd0-bc87-855faabb54f5;Équation linéaire du premier degré;Calcul littéral > Equations > Linéaire du premier degré;4;Algèbre > Équations : premier degré;haute;correspondance directe (forme non précisée)
54107079-218f-48dd-8df4-3cb4d1f5a801;Développer;Calcul littéral > Transformation > Développement;3;Algèbre > Calcul littéral > développer;haute;correspondance directe
32a81f6f-2725-41b0-84e6-3d395728b30a;Développer;Calcul littéral > Transformation > Développement;4;Algèbre > Calcul littéral > développer;haute;correspondance directe
d4679e2d-e8dc-4577-b7c4-1ef739189f8e;Développer;Calcul littéral > Transformation > Développement;4;Algèbre > Calcul littéral > développer;haute;correspondance directe
1703620c-ceb3-48ec-bc08-de90d54086a1;Développer un double produit;Calcul littéral > Transformation > Développement;3;Algèbre > Calcul littéral > développer;haute;correspondance directe
9fefb94c-283f-44aa-9adf-203221a2edc0;Développer un double produit;Calcul littéral > Transformation > Développement;3;Algèbre > Calcul littéral > développer;haute;correspondance directe
dac2e771-1de1-4379-82fd-0acb5af7d55c;Factoriser;Calcul littéral > Transformation > Factorisation;4;Algèbre > Calcul littéral > factoriser;haute;correspondance directe
2de1b93d-925e-40f7-a074-f8d7de584d04;Factoriser;Calcul littéral > Transformation > Factorisation;4;Algèbre > Calcul littéral > factoriser;haute;correspondance directe
2120ce5f-57f3-45cb-bd76-dcf8f8b41e52;Factoriser;Calcul littéral > Transformation > Factorisation;4;Algèbre > Calcul littéral > factoriser;haute;correspondance directe
11607586-7b7b-404f-8e62-91ddefa75efa;Factoriser;Calcul littéral > Transformation > Factorisation;4;Algèbre > Calcul littéral > factoriser;haute;correspondance directe
d7f2568a-d8c5-44ef-9746-2a1c6e22e8f7;Factoriser;Calcul littéral > Transformation > Factorisation;4;Algèbre > Calcul littéral > factoriser;haute;correspondance directe
9231b54b-4e3d-4eef-9382-f27f18544c66;Factoriser;Calcul littéral > Transformation > Factorisation;4;Algèbre > Calcul littéral > factoriser;haute;correspondance directe
39c5bcfa-6d2d-4b5b-9aab-a1b6edd6e558;Trouver le plus grand facteur commun;Calcul littéral > Transformation > Factorisation;4;Algèbre > Calcul littéral > factoriser;haute;correspondance directe
3abfcd7b-cd0a-4035-970a-609b3e447369;Trouver le plus grand facteur commun ;Calcul littéral > Transformation > Factorisation;4;Algèbre > Calcul littéral > factoriser;haute;correspondance directe
294c4316-d2c9-4894-9c3c-c2b24fdffc99;Trouver un facteur commun;Calcul littéral > Transformation > Factorisation;4;Algèbre > Calcul littéral > factoriser;haute;correspondance directe
e66089e0-b7bd-49fe-a968-9a8df3d325fd;Trouver un facteur commun;Calcul littéral > Transformation > Factorisation;4;Algèbre > Calcul littéral > factoriser;haute;correspondance directe
a6a6c491-be89-4a81-8a9d-6412c2396f2d;Développer $(a+b)(a-b)$;Calcul littéral > Transformation > Identités remarquables;3;Algèbre > Calcul littéral > identités remarquables;haute;correspondance directe
32cf5766-85eb-46c0-8885-4b6a00ee8a97;Développer $(a+b)(a-b)$;Calcul littéral > Transformation > Identités remarquables;3;Algèbre > Calcul littéral > identités remarquables;haute;correspondance directe
85f6e96e-f1a9-4ed3-b321-4e070e097c9d;Développer $(a+b)^2$;Calcul littéral > Transformation > Identités remarquables;2;Algèbre > Calcul littéral > identités remarquables;haute;correspondance directe
288c2bf0-2442-4e2d-ad4b-afcc1d23b6b2;Développer $(a+b)^2$;Calcul littéral > Transformation > Identités remarquables;2;Algèbre > Calcul littéral > identités remarquables;haute;correspondance directe
1338da34-00a6-4500-97fc-fcece9514ae6;Développer $(a-b)^2$;Calcul littéral > Transformation > Identités remarquables;2;Algèbre > Calcul littéral > identités remarquables;haute;correspondance directe
6909bfde-1fcb-4372-8205-db5bb54a05f8;Développer $(a-b)^2$;Calcul littéral > Transformation > Identités remarquables;2;Algèbre > Calcul littéral > identités remarquables;haute;correspondance directe
ff9bb2fb-9104-43af-98a8-344df090f716;Factoriser $a^2-b^2$;Calcul littéral > Transformation > Identités remarquables;3;Algèbre > Calcul littéral > identités remarquables;haute;correspondance directe
ff8082bd-fe4d-4747-bddc-19eced72839f;Factoriser $a^2-b^2$;Calcul littéral > Transformation > Identités remarquables;3;Algèbre > Calcul littéral > identités remarquables;haute;correspondance directe
d1648508-035e-4a2f-abce-87592365038f;Factoriser une expression du second degré;Calcul littéral > Transformation > Identités remarquables;2;Algèbre > Calcul littéral > identités remarquables;haute;correspondance directe
aeb86af9-7bf1-440a-be17-735a41b5ce46;Déterminer l'opposé d'une expression;Calcul littéral > Transformation > Opposé d'une expression;3;Algèbre > Calcul littéral > opposé d'une expression;haute;correspondance directe
843c3186-afc6-4ccd-83f7-beab64d3e420;Déterminer l'opposé d'une expression;Calcul littéral > Transformation > Opposé d'une expression;3;Algèbre > Calcul littéral > opposé d'une expression;haute;correspondance directe
c32ebff9-7e10-400e-bc06-c376f6991ea8;Enlever les parenthèses;Calcul littéral > Transformation > Opposé d'une expression;3;Algèbre > Calcul littéral > opposé d'une expression;haute;correspondance directe
93a5f7a9-61f2-4553-a529-6f89c37b569c;Réduire un produit;Calcul littéral > Transformation > Réduction;3;Algèbre > Calcul littéral > réduire;haute;correspondance directe
08a3f943-6c02-448b-b157-32b19c568e76;Réduire un produit;Calcul littéral > Transformation > Réduction;5;Algèbre > Calcul littéral > réduire;haute;correspondance directe
33eb676e-e3d7-4710-a1c1-50133a060125;Réduire une expression;Calcul littéral > Transformation > Réduction;2;Algèbre > Calcul littéral > réduire;haute;correspondance directe
8af22815-8c2a-4413-bad8-168028fcb30a;Réduire une expression;Calcul littéral > Transformation > Réduction;5;Algèbre > Calcul littéral > réduire;haute;correspondance directe
9356e80e-54a5-4a3d-b581-77d4f5c4dd4c;Réduire une somme;Calcul littéral > Transformation > Réduction;5;Algèbre > Calcul littéral > réduire;haute;correspondance directe
ac5d0413-2eee-4bed-998b-d540701667a0;Réduire une somme;Calcul littéral > Transformation > Réduction;3;Algèbre > Calcul littéral > réduire;haute;correspondance directe
77b82211-31f1-43c2-a2f4-04a55efb066e;Réduire une somme;Calcul littéral > Transformation > Réduction;3;Algèbre > Calcul littéral > réduire;haute;correspondance directe
378f7535-ea7f-44ef-98ea-bb7d9c3c105f;Réduire une somme;Calcul littéral > Transformation > Réduction;5;Algèbre > Calcul littéral > réduire;haute;correspondance directe
33b1b496-0de3-47bb-b19a-ff016fd08ef5;Simplifier le symbole de multiplication;Calcul littéral > Transformation > Simplification d'écriture;5;Algèbre > Calcul littéral > simplifier l'écriture;haute;correspondance directe
077c01e0-0c8a-4ff9-a57e-279ec35659ec;Simplifier le symbole de multiplication;Calcul littéral > Transformation > Simplification d'écriture;5;Algèbre > Calcul littéral > simplifier l'écriture;haute;correspondance directe
6fbf1ab2-c476-4a6c-bd98-ce2c58d8c459;Simplifier un produit par $0$ ou $1$;Calcul littéral > Transformation > Simplification d'écriture;5;Algèbre > Calcul littéral > simplifier l'écriture;haute;correspondance directe
7410800b-83d3-40a3-8a2d-dc4b16a4679d;Simplifier à l'aide d'un carré ou d'un cube;Calcul littéral > Transformation > Simplification d'écriture;5;Algèbre > Calcul littéral > simplifier l'écriture;haute;correspondance directe
421e9fc9-b141-48b8-aed8-bb3a6c35bf7a;Compléter une addition à trou;Décimaux > Additionner > A trou;CM1;Nombres et calculs > Décimaux : calculs > additionner;haute;relance 2026-10-07 : famille confirmée — le format « à trou » est une variation interne de l'opération
b4b5cf8b-32bc-4273-8c5a-20dc0e7550db;Compléter une addition à trou;Décimaux > Additionner > A trou;CM1;Nombres et calculs > Décimaux : calculs > additionner;haute;relance 2026-10-07 : famille confirmée — le format « à trou » est une variation interne de l'opération
c9c1966e-f644-412c-807e-b0620489a1e6;Compléter une addition à trou;Décimaux > Additionner > A trou;CM1;Nombres et calculs > Décimaux : calculs > additionner;haute;relance 2026-10-07 : famille confirmée — le format « à trou » est une variation interne de l'opération
e49b0cf8-3b48-4f0b-90ab-9687f8e37b1e;Compléter une addition à trou ;Décimaux > Additionner > A trou;CM1;Nombres et calculs > Décimaux : calculs > additionner;haute;relance 2026-10-07 : famille confirmée — le format « à trou » est une variation interne de l'opération
b19167c8-49f8-427f-b493-2e2e14fb8508;Trouver le complément ;Décimaux > Additionner > A trou;CM1;Nombres et calculs > Décimaux : calculs > additionner;haute;relance 2026-10-07 : famille confirmée — le format « à trou » est une variation interne de l'opération
edc5d7d4-98a2-4118-8c7f-35dd510dbcd5;Trouver la moitié;Décimaux > Additionner > Moitié;CM1;Nombres et calculs > Décimaux : calculs > moitié;haute;correspondance directe
3bbe92f2-84f0-487f-9ca1-2077248a313b;Calculer une somme;Décimaux > Additionner > Somme;CM1;Nombres et calculs > Décimaux : calculs > additionner;haute;correspondance directe
a0241952-7930-4e8a-aa6c-2a5b8bef664a;Calculer une somme;Décimaux > Additionner > Somme;CM1;Nombres et calculs > Décimaux : calculs > additionner;haute;correspondance directe
f1a392f5-060d-4e1c-b7a5-2920a054b83b;Calculer une somme;Décimaux > Additionner > Somme;CM1;Nombres et calculs > Décimaux : calculs > additionner;haute;correspondance directe
ff3ee576-e032-4c82-a428-9f49f046c313;Calculer une somme;Décimaux > Additionner > Somme;CM1;Nombres et calculs > Décimaux : calculs > additionner;haute;correspondance directe
08bbf1c6-d96c-4570-8662-4908dd5cb8ef;Additionner par regroupements;Décimaux > Additionner > Somme astucieuse;CM1;Nombres et calculs > Décimaux : calculs > calcul astucieux;haute;astucieux → calcul astucieux
0a93ac99-aa32-4471-9ce2-7180278d737b;Additionner par regroupements;Décimaux > Additionner > Somme astucieuse;CM1;Nombres et calculs > Décimaux : calculs > calcul astucieux;haute;astucieux → calcul astucieux
9c0c47ef-72b0-4333-870d-06cdf0f4a2de;Comparer deux nombres décimaux;Décimaux > Apprivoiser > Comparer;CM1;Nombres et calculs > Décimaux : numération > comparer;haute;Apprivoiser → numération
b26e8a84-3788-40f8-baf0-23f0f96fe1f0;Trouver l'entier supérieur ou inférieur le plus proche;Décimaux > Apprivoiser > Comparer;CM1;Nombres et calculs > Décimaux : numération > comparer;haute;Apprivoiser → numération
2227cd4e-cde2-4dbd-9930-5116d110c626;Décomposer en unités, dixièmes, centièmes;Décimaux > Apprivoiser > Décomposition;CM1;Nombres et calculs > Décimaux : numération > décomposer;haute;Apprivoiser → numération
160f782d-c2ee-4d54-a8f9-86f52418abe9;Décomposer en unités, dixièmes, centièmes;Décimaux > Apprivoiser > Décomposition;CM1;Nombres et calculs > Décimaux : numération > décomposer;haute;Apprivoiser → numération
ef7785cf-e448-4ee7-b588-a4e298bcc696;Décomposer en unités, dixièmes, centièmes, millièmes;Décimaux > Apprivoiser > Décomposition;CM2;Nombres et calculs > Décimaux : numération > décomposer;haute;Apprivoiser → numération
58f7a8dd-b8de-48f4-9cfa-5356b75e1c64;Décomposer en unités, dixièmes, centièmes, millièmes;Décimaux > Apprivoiser > Décomposition;CM2;Nombres et calculs > Décimaux : numération > décomposer;haute;Apprivoiser → numération
5cc22ecd-351e-4959-ab27-79883cb9c9d3;Connaître la position décimale;Décimaux > Apprivoiser > Ecriture;CM2;Nombres et calculs > Décimaux : numération > écrire;haute;Apprivoiser → numération
ce00dd64-d584-4bfc-b23c-75d895f82a37;Connaître la position décimale;Décimaux > Apprivoiser > Ecriture;CM1;Nombres et calculs > Décimaux : numération > écrire;haute;Apprivoiser → numération
1b94c415-df9a-43ad-b48e-0cbf894c342e;Connaître la position décimale;Décimaux > Apprivoiser > Ecriture;CM2;Nombres et calculs > Décimaux : numération > écrire;haute;Apprivoiser → numération
f96588e4-50ee-4505-9015-54f965f8ab43;Connaître la position décimale;Décimaux > Apprivoiser > Ecriture;CM1;Nombres et calculs > Décimaux : numération > écrire;haute;Apprivoiser → numération
a377acaf-8e96-4ff4-93b6-23e841b0b094;Définition à l'aide de fractions décimales;Décimaux > Apprivoiser > Ecriture;CM2;Nombres et calculs > Décimaux : numération > écrire;haute;Apprivoiser → numération
9c602223-064b-4efb-8649-8bf104e1d8b2;Définition à l'aide de fractions décimales;Décimaux > Apprivoiser > Ecriture;CM1;Nombres et calculs > Décimaux : numération > écrire;haute;Apprivoiser → numération
fcc54919-0d4d-4794-b27f-1a7945d19fd3;Définition à l'aide de fractions décimales;Décimaux > Apprivoiser > Ecriture;CM2;Nombres et calculs > Décimaux : numération > écrire;haute;Apprivoiser → numération
8e32995e-a0fa-4a98-a975-379cc7274f50;Définition à l'aide de fractions décimales;Décimaux > Apprivoiser > Ecriture;CM1;Nombres et calculs > Décimaux : numération > écrire;haute;Apprivoiser → numération
757fc872-e037-47b6-b344-21d48a81e952;Définition à l'aide de fractions décimales (2);Décimaux > Apprivoiser > Ecriture;CM2;Nombres et calculs > Décimaux : numération > écrire;haute;Apprivoiser → numération
c680af72-1509-440b-b6a9-bbac0828d0e1;Définition à l'aide de fractions décimales (2);Décimaux > Apprivoiser > Ecriture;CM1;Nombres et calculs > Décimaux : numération > écrire;haute;Apprivoiser → numération
6379fa20-672c-4771-9d48-6d167a7a922e;Encadrer un nombre décimal au centième près;Décimaux > Apprivoiser > Encadrer;CM1;Nombres et calculs > Décimaux : numération > encadrer;haute;Apprivoiser → numération
32724446-558b-4eea-ad4a-13d7c6afe435;Encadrer un nombre décimal au dixième près;Décimaux > Apprivoiser > Encadrer;CM1;Nombres et calculs > Décimaux : numération > encadrer;haute;Apprivoiser → numération
fac5225d-2dae-49ec-b449-8900e7385fe6;Encadrer un nombre décimal par deux entiers consécutifs;Décimaux > Apprivoiser > Encadrer;CM1;Nombres et calculs > Décimaux : numération > encadrer;haute;Apprivoiser → numération
c1a83c8f-47ea-4253-92cd-3cc703f913c2;Déterminer une forme fractionnaire;Décimaux > Apprivoiser > Forme fractionnaire;6;Nombres et calculs > Décimaux : numération > forme fractionnaire;haute;Apprivoiser → numération
000368e1-cc26-4b75-a3f3-cc619c02f940;Déterminer une forme fractionnaire;Décimaux > Apprivoiser > Forme fractionnaire;6;Nombres et calculs > Décimaux : numération > forme fractionnaire;haute;Apprivoiser → numération
6632e5c2-45eb-4b6f-afff-c162bcb382e8;Compléter une division à trou;Décimaux > Diviser > A trou;6;Nombres et calculs > Décimaux : calculs > diviser;haute;relance 2026-10-07 : famille confirmée — le format « à trou » est une variation interne de l'opération
668b1fe6-12e2-4c51-899e-646556e69675;Compléter une division à trou;Décimaux > Diviser > A trou;CM1;Nombres et calculs > Décimaux : calculs > diviser;haute;relance 2026-10-07 : famille confirmée — le format « à trou » est une variation interne de l'opération
4b1968b9-2210-4f08-a1b8-69eae735d714;Compléter une division à trou;Décimaux > Diviser > A trou;CM2;Nombres et calculs > Décimaux : calculs > diviser;haute;relance 2026-10-07 : famille confirmée — le format « à trou » est une variation interne de l'opération
45e06ece-246e-4182-ae1f-8d04a98e6aae;Compléter une division à trou;Décimaux > Diviser > A trou;CM2;Nombres et calculs > Décimaux : calculs > diviser;haute;relance 2026-10-07 : famille confirmée — le format « à trou » est une variation interne de l'opération
651836d4-4caf-4318-8a19-31c193349683;Compléter une division à trou;Décimaux > Diviser > A trou;CM2;Nombres et calculs > Décimaux : calculs > diviser;haute;relance 2026-10-07 : famille confirmée — le format « à trou » est une variation interne de l'opération
de15a4b0-a846-40d5-acb2-7a3f0b1aa22c;Calculer un quotient;Décimaux > Diviser > Quotient;CM2;Nombres et calculs > Décimaux : calculs > diviser;haute;correspondance directe
a94ddf87-4e4d-46a3-935e-e28e6a2d49df;Calculer un quotient;Décimaux > Diviser > Quotient;CM2;Nombres et calculs > Décimaux : calculs > diviser;haute;correspondance directe
9c7978da-6bf9-4ff6-b117-f26733bda9f0;Calculer un quotient;Décimaux > Diviser > Quotient;6;Nombres et calculs > Décimaux : calculs > diviser;haute;correspondance directe
49e31496-47be-4f0c-b462-3b65a8f26f42;Calculer un quotient;Décimaux > Diviser > Quotient;6;Nombres et calculs > Décimaux : calculs > diviser;haute;correspondance directe
590169c4-e51d-4ea1-adaa-1cc38093442f;Calculer un quotient;Décimaux > Diviser > Quotient;CM2;Nombres et calculs > Décimaux : calculs > diviser;haute;correspondance directe
7f0fbff0-88ee-41b7-962c-8ddeb3880a9d;Calculer un quotient;Décimaux > Diviser > Quotient;CM2;Nombres et calculs > Décimaux : calculs > diviser;haute;correspondance directe
0629645f-7de3-4225-8326-83c868ce8adf;Calculer un quotient;Décimaux > Diviser > Quotient;CM1;Nombres et calculs > Décimaux : calculs > diviser;haute;correspondance directe
f8e5c256-9522-4232-8e65-dadba885dba9;Compléter une multiplication à trou;Décimaux > Multiplier > A trou;CM1;Nombres et calculs > Décimaux : calculs > multiplier;haute;relance 2026-10-07 : famille confirmée — le format « à trou » est une variation interne de l'opération
99c4ab73-9824-46e6-9c55-98cf8250fca3;Compléter une multiplication à trou;Décimaux > Multiplier > A trou;6;Nombres et calculs > Décimaux : calculs > multiplier;haute;relance 2026-10-07 : famille confirmée — le format « à trou » est une variation interne de l'opération
f3bf4c64-5de9-4728-adb7-c86ab79e94e5;Compléter une multiplication à trou;Décimaux > Multiplier > A trou;6;Nombres et calculs > Décimaux : calculs > multiplier;haute;relance 2026-10-07 : famille confirmée — le format « à trou » est une variation interne de l'opération
59ac62a2-3539-44f4-af7f-7c03cb4617f0;Compléter une multiplication à trou;Décimaux > Multiplier > A trou;6;Nombres et calculs > Décimaux : calculs > multiplier;haute;relance 2026-10-07 : famille confirmée — le format « à trou » est une variation interne de l'opération
f9a3333d-94ad-4a9b-b5d4-22325d67f6d9;Compléter une multiplication à trou;Décimaux > Multiplier > A trou;6;Nombres et calculs > Décimaux : calculs > multiplier;haute;relance 2026-10-07 : famille confirmée — le format « à trou » est une variation interne de l'opération
9cc8cd82-371c-4d7d-ab1f-40f45766ae5a;Compléter une multiplication à trou;Décimaux > Multiplier > A trou;6;Nombres et calculs > Décimaux : calculs > multiplier;haute;relance 2026-10-07 : famille confirmée — le format « à trou » est une variation interne de l'opération
ac2dae38-425e-4f10-ba6a-045c285355d0;Compléter une multiplication à trou;Décimaux > Multiplier > A trou;CM1;Nombres et calculs > Décimaux : calculs > multiplier;haute;relance 2026-10-07 : famille confirmée — le format « à trou » est une variation interne de l'opération
c5607804-f31f-49ab-b71a-fa1379ec794a;Compléter une multiplication à trou;Décimaux > Multiplier > A trou;6;Nombres et calculs > Décimaux : calculs > multiplier;haute;relance 2026-10-07 : famille confirmée — le format « à trou » est une variation interne de l'opération
def797c6-4841-43ca-977f-020deb4c36d7;Compléter une multiplication à trou;Décimaux > Multiplier > A trou;6;Nombres et calculs > Décimaux : calculs > multiplier;haute;relance 2026-10-07 : famille confirmée — le format « à trou » est une variation interne de l'opération
aa788ca7-bb32-45a3-9566-cc2d70a11d29;Compléter une multiplication à trou;Décimaux > Multiplier > A trou;CM1;Nombres et calculs > Décimaux : calculs > multiplier;haute;relance 2026-10-07 : famille confirmée — le format « à trou » est une variation interne de l'opération
98c41bde-bb56-4569-88ec-76f09f21e783;Utiliser la distributivité;Décimaux > Multiplier > Distributivité;6;Nombres et calculs > Décimaux : calculs > distributivité;haute;correspondance directe
053391dc-f050-4e0a-afe0-9e5f8071035e;Utiliser la distributivité;Décimaux > Multiplier > Distributivité;6;Nombres et calculs > Décimaux : calculs > distributivité;haute;correspondance directe
a869c2c1-cd5a-432a-927c-565495c3c872;Utiliser la distributivité;Décimaux > Multiplier > Distributivité;6;Nombres et calculs > Décimaux : calculs > distributivité;haute;correspondance directe
3c40e59b-cde5-4eab-85b5-f8bd0f91ed80;Calculer un produit;Décimaux > Multiplier > Produit;CM2;Nombres et calculs > Décimaux : calculs > multiplier;haute;correspondance directe
ddbce820-5e75-4a7a-832e-33980cd4b43a;Calculer un produit;Décimaux > Multiplier > Produit;6;Nombres et calculs > Décimaux : calculs > multiplier;haute;correspondance directe
814a46a9-2f73-4b2d-91e4-2052fc425b53;Calculer un produit;Décimaux > Multiplier > Produit;CM2;Nombres et calculs > Décimaux : calculs > multiplier;haute;correspondance directe
571ca739-e3be-47de-b431-e888a9e46f18;Calculer un produit;Décimaux > Multiplier > Produit;6;Nombres et calculs > Décimaux : calculs > multiplier;haute;correspondance directe
6268eb21-1b8e-4264-953c-0c1abdcd6dc7;Placer la virgule dans le produit;Décimaux > Multiplier > Produit;6;Nombres et calculs > Décimaux : calculs > multiplier;haute;correspondance directe
04586513-034d-4503-8eb8-e8a3789000b9;Multiplier par $0.5$;Décimaux > Multiplier > Produit particulier;6;Nombres et calculs > Décimaux : calculs > moitié;haute;relance 2026-10-07 : ×0,5 = moitié (la case existe)
341cdac0-a149-438b-a1a4-ec9255fbca1c;Multiplier par $0.5$;Décimaux > Multiplier > Produit particulier;6;Nombres et calculs > Décimaux : calculs > moitié;haute;relance 2026-10-07 : ×0,5 = moitié (la case existe)
e8db6091-2d87-4f76-aab4-af17aa3071f3;Multiplier par $1.5$;Décimaux > Multiplier > Produit particulier;6;Nombres et calculs > Décimaux : calculs > calcul astucieux;haute;relance 2026-10-07 : ×1,5 / ×2,5 : technique de calcul astucieux
7607426e-7e1e-4312-a1ee-d3c70a64764d;Multiplier par $2.5$;Décimaux > Multiplier > Produit particulier;6;Nombres et calculs > Décimaux : calculs > calcul astucieux;haute;relance 2026-10-07 : ×1,5 / ×2,5 : technique de calcul astucieux
918598f5-d7b0-43f8-b679-f69ab2039134;Calculer astucieusement un produit;Décimaux > Multiplier > Produits astucieux;CM2;Nombres et calculs > Décimaux : calculs > calcul astucieux;haute;astucieux → calcul astucieux
4b543657-6739-4183-8959-32f282fa826f;Calculer astucieusement un produit;Décimaux > Multiplier > Produits astucieux;CM2;Nombres et calculs > Décimaux : calculs > calcul astucieux;haute;astucieux → calcul astucieux
9826af8b-0ba0-4c43-b9ed-dd6ccf552723;Calculer astucieusement un produit;Décimaux > Multiplier > Produits astucieux;CM2;Nombres et calculs > Décimaux : calculs > calcul astucieux;haute;astucieux → calcul astucieux
69f6a332-5c4f-4e85-af37-0a4e1bcd07ad;Calculer un produit;Décimaux > Multiplier > Puissances de 10;CM1;Nombres et calculs > Décimaux : calculs > puissances de 10;haute;correspondance directe
e38d205a-5737-4a0a-a9cd-aab742107c2b;Calculer un produit;Décimaux > Multiplier > Puissances de 10;CM1;Nombres et calculs > Décimaux : calculs > puissances de 10;haute;correspondance directe
e1b540fa-1be8-4993-a731-e536eac64c3e;Calculer un produit;Décimaux > Multiplier > Puissances de 10;6;Nombres et calculs > Décimaux : calculs > puissances de 10;haute;correspondance directe
819df2a9-5dd9-40c5-9525-c68e626c04b6;Calculer un produit;Décimaux > Multiplier > Puissances de 10;6;Nombres et calculs > Décimaux : calculs > puissances de 10;haute;correspondance directe
19323604-1e27-4b0f-8a24-1eef76ab6e59;Calculer un produit;Décimaux > Multiplier > Puissances de 10;CM1;Nombres et calculs > Décimaux : calculs > puissances de 10;haute;correspondance directe
4a097db2-5c7e-47d7-8e1b-7a7edd746363;Multiplier par $0.001$;Décimaux > Multiplier > Puissances de 10;6;Nombres et calculs > Décimaux : calculs > puissances de 10;haute;correspondance directe
bac3e110-94a4-459e-a0a1-238c60266555;Multiplier par $0.01$;Décimaux > Multiplier > Puissances de 10;6;Nombres et calculs > Décimaux : calculs > puissances de 10;haute;correspondance directe
7c1f54d2-88f4-4101-9fec-a3835165569c;Multiplier par $0.1$;Décimaux > Multiplier > Puissances de 10;6;Nombres et calculs > Décimaux : calculs > puissances de 10;haute;correspondance directe
d3348c15-81a2-481b-bbe5-aa2ef1bc56c0;Multiplier par $0.1$;Décimaux > Multiplier > Puissances de 10;6;Nombres et calculs > Décimaux : calculs > puissances de 10;haute;correspondance directe
b9a9048a-d973-47a3-ad5b-acbde2d80a66;Calculer une différence;Décimaux > Soustraire > Différence;CM1;Nombres et calculs > Décimaux : calculs > soustraire;haute;correspondance directe
7d57fb3b-a050-4920-8231-e5ac609fa07d;Calculer une différence;Décimaux > Soustraire > Différence;CM1;Nombres et calculs > Décimaux : calculs > soustraire;haute;correspondance directe
6a16303a-acb1-46c4-aed2-ebae62cb5c32;Calculer une différence;Décimaux > Soustraire > Différence;CM1;Nombres et calculs > Décimaux : calculs > soustraire;haute;correspondance directe
b100ddb2-e91d-402c-9940-012da8236d1d;Calculer une différence;Décimaux > Soustraire > Différence;CM1;Nombres et calculs > Décimaux : calculs > soustraire;haute;correspondance directe
32beec3b-7d78-4d07-808b-0b0091ce89cf;Compléter une addition;Entiers > Additionner > A trou;CM1;Nombres et calculs > Entiers : addition et soustraction > somme;haute;relance 2026-10-07 : famille confirmée — le format « à trou » est une variation interne de l'opération
00497e5e-8025-4749-9591-907dec371319;Compléter une addition à trou;Entiers > Additionner > A trou;CP;Nombres et calculs > Entiers : addition et soustraction > somme;haute;relance 2026-10-07 : famille confirmée — le format « à trou » est une variation interne de l'opération
22b8da83-a8ea-4d8e-b500-ff24e08cf260;Compléter une addition à trou;Entiers > Additionner > A trou;CE2;Nombres et calculs > Entiers : addition et soustraction > somme;haute;relance 2026-10-07 : famille confirmée — le format « à trou » est une variation interne de l'opération
777dc505-7be7-4675-97f4-7c1f4fbd8c41;Compléter une addition à trou;Entiers > Additionner > A trou;CE1;Nombres et calculs > Entiers : addition et soustraction > somme;haute;relance 2026-10-07 : famille confirmée — le format « à trou » est une variation interne de l'opération
de71495c-b88c-4b42-9cd7-3562847aedfc;Compléter une addition à trou;Entiers > Additionner > A trou;CE1;Nombres et calculs > Entiers : addition et soustraction > somme;haute;relance 2026-10-07 : famille confirmée — le format « à trou » est une variation interne de l'opération
8a843682-a849-47ac-8762-cfb098c4a4c3;Compléter une addition à trou;Entiers > Additionner > A trou;CP;Nombres et calculs > Entiers : addition et soustraction > somme;haute;relance 2026-10-07 : famille confirmée — le format « à trou » est une variation interne de l'opération
cf0d20d5-61ed-4aea-9a8f-b3eec9ca304e;Compléter une addition à trou;Entiers > Additionner > A trou;CP;Nombres et calculs > Entiers : addition et soustraction > somme;haute;relance 2026-10-07 : famille confirmée — le format « à trou » est une variation interne de l'opération
6661b9ae-ece2-4d5c-8bcf-91f6825cf56f;Compléter une addition à trou;Entiers > Additionner > A trou;CM2;Nombres et calculs > Entiers : addition et soustraction > somme;haute;relance 2026-10-07 : famille confirmée — le format « à trou » est une variation interne de l'opération
18b7cc5c-65ed-491d-9fbc-ce217e528bd4;Compléter une addition à trou;Entiers > Additionner > A trou;CE2;Nombres et calculs > Entiers : addition et soustraction > somme;haute;relance 2026-10-07 : famille confirmée — le format « à trou » est une variation interne de l'opération
76d8c8ee-2d45-40c4-99fe-d0188455107f;Compléter une addition à trou;Entiers > Additionner > A trou;CE1;Nombres et calculs > Entiers : addition et soustraction > somme;haute;relance 2026-10-07 : famille confirmée — le format « à trou » est une variation interne de l'opération
1507465f-8fd9-4442-ae43-156662758d12;Compléter une addition à trou;Entiers > Additionner > A trou;CP;Nombres et calculs > Entiers : addition et soustraction > somme;haute;relance 2026-10-07 : famille confirmée — le format « à trou » est une variation interne de l'opération
4372eb03-6281-470f-817d-fa1a0de7b799;Compléter une addition à trou;Entiers > Additionner > A trou;CP;Nombres et calculs > Entiers : addition et soustraction > somme;haute;relance 2026-10-07 : famille confirmée — le format « à trou » est une variation interne de l'opération
987d3641-05db-4201-8a33-cfd08f1ef6dc;Compléter une addition à trou;Entiers > Additionner > A trou;CP;Nombres et calculs > Entiers : addition et soustraction > somme;haute;relance 2026-10-07 : famille confirmée — le format « à trou » est une variation interne de l'opération
6ac9df91-c5e0-4a59-9ce5-029eeab9f6fd;Trouver le complément;Entiers > Additionner > Complément;CE1;Nombres et calculs > Entiers : addition et soustraction > complément;haute;correspondance directe
45e9fa53-1c61-40e8-88a4-183fcb162ce5;Trouver le complément;Entiers > Additionner > Complément;CM1;Nombres et calculs > Entiers : addition et soustraction > complément;haute;correspondance directe
0e5372a4-17af-4e8e-8eac-e7b3ed966f2f;Trouver le complément;Entiers > Additionner > Complément;CP;Nombres et calculs > Entiers : addition et soustraction > complément;haute;correspondance directe
d186d4ef-6880-4261-95f4-6d9e64b75388;Trouver le complément;Entiers > Additionner > Complément;CE2;Nombres et calculs > Entiers : addition et soustraction > complément;haute;correspondance directe
17a3c039-744d-4108-9b47-49f0183990b7;Trouver le complément;Entiers > Additionner > Complément;CM1;Nombres et calculs > Entiers : addition et soustraction > complément;haute;correspondance directe
115745fe-b2ac-49fb-b6b3-447503077924;Trouver le complément;Entiers > Additionner > Complément;CE2;Nombres et calculs > Entiers : addition et soustraction > complément;haute;correspondance directe
c381596f-f278-4f29-a205-5c60f748b590;Trouver le complément;Entiers > Additionner > Complément;CE1;Nombres et calculs > Entiers : addition et soustraction > complément;haute;correspondance directe
cba5b70a-6b03-405c-955c-01554a4e55a2;Trouver le complément;Entiers > Additionner > Complément;CE1;Nombres et calculs > Entiers : addition et soustraction > complément;haute;correspondance directe
b2ad1cc0-55cf-41be-9db7-3f24f77fc200;Trouver le complément;Entiers > Additionner > Complément;CE1;Nombres et calculs > Entiers : addition et soustraction > complément;haute;correspondance directe
ff427b27-6f6c-4679-9fc7-fc6c66aaa867;Trouver le complément;Entiers > Additionner > Complément;CE2;Nombres et calculs > Entiers : addition et soustraction > complément;haute;correspondance directe
427c735c-aaa5-4ddd-9da6-40e3c46997bd;Trouver la moitié;Entiers > Additionner > Double et moitié;CE2;Nombres et calculs > Entiers : addition et soustraction > double et moitié;haute;correspondance directe
c96ecf4d-caa9-4e5a-946f-c7ee0ecc352e;Trouver la moitié;Entiers > Additionner > Double et moitié;CE1;Nombres et calculs > Entiers : addition et soustraction > double et moitié;haute;correspondance directe
55b0f4b7-e9eb-4f43-9307-ad8d0193cab5;Trouver la moitié;Entiers > Additionner > Double et moitié;CP;Nombres et calculs > Entiers : addition et soustraction > double et moitié;haute;correspondance directe
9710ae96-13eb-4347-948f-9c84866f9c4e;Trouver le double;Entiers > Additionner > Double et moitié;CP;Nombres et calculs > Entiers : addition et soustraction > double et moitié;haute;correspondance directe
bcd7e907-22f5-4f0f-a8bd-8e3ea60132e0;Trouver le double;Entiers > Additionner > Double et moitié;CP;Nombres et calculs > Entiers : addition et soustraction > double et moitié;haute;correspondance directe
44c46578-b2fd-43d9-b672-498219ef229c;Trouver le double;Entiers > Additionner > Double et moitié;CE2;Nombres et calculs > Entiers : addition et soustraction > double et moitié;haute;correspondance directe
022130ca-f6c1-4c78-a147-6519a15f62cd;Trouver le double;Entiers > Additionner > Double et moitié;CE1;Nombres et calculs > Entiers : addition et soustraction > double et moitié;haute;correspondance directe
e6df0a85-507e-48a1-aadf-f46ffc7bf09a;Calculer une somme;Entiers > Additionner > Somme;CE2;Nombres et calculs > Entiers : addition et soustraction > somme;haute;correspondance directe
5d4dfd32-bc56-49a5-827c-7233881a68ad;Calculer une somme;Entiers > Additionner > Somme;CM1;Nombres et calculs > Entiers : addition et soustraction > somme;haute;correspondance directe
df3cb8ad-c5c6-4399-bb9e-d2b31361a31d;Calculer une somme;Entiers > Additionner > Somme;CE2;Nombres et calculs > Entiers : addition et soustraction > somme;haute;correspondance directe
0eb500fe-8388-4b4c-9ed1-cf4c4fe5a1c5;Calculer une somme;Entiers > Additionner > Somme;CP;Nombres et calculs > Entiers : addition et soustraction > somme;haute;correspondance directe
579d0b00-b3a5-46e6-a076-04ec265c1c4f;Calculer une somme;Entiers > Additionner > Somme;CE1;Nombres et calculs > Entiers : addition et soustraction > somme;haute;correspondance directe
83c1feb9-0c4f-4b43-ba79-2e2e0f185268;Calculer une somme;Entiers > Additionner > Somme;CE2;Nombres et calculs > Entiers : addition et soustraction > somme;haute;correspondance directe
aeca7054-b690-4660-abf8-481c4b36d02e;Calculer une somme;Entiers > Additionner > Somme;CP;Nombres et calculs > Entiers : addition et soustraction > somme;haute;correspondance directe
5706769f-d29d-410d-a2e0-2943d3c11a25;Calculer une somme;Entiers > Additionner > Somme;CE2;Nombres et calculs > Entiers : addition et soustraction > somme;haute;correspondance directe
7feb1566-e7d3-4d2c-8f9f-8b72612cc761;Calculer une somme;Entiers > Additionner > Somme;CP;Nombres et calculs > Entiers : addition et soustraction > somme;haute;correspondance directe
12c377ec-831d-4a2a-b5ff-17950ff80470;Calculer une somme;Entiers > Additionner > Somme;CP;Nombres et calculs > Entiers : addition et soustraction > somme;haute;correspondance directe
5fea90e6-9a98-433a-a909-0c4444817633;Calculer une somme;Entiers > Additionner > Somme;CP;Nombres et calculs > Entiers : addition et soustraction > somme;haute;correspondance directe
ce3247c0-d642-4bf9-ba3e-b8de60f76d72;Calculer une somme;Entiers > Additionner > Somme;CE1;Nombres et calculs > Entiers : addition et soustraction > somme;haute;correspondance directe
713b71ab-6c7e-40ab-9923-fc9940dc7b89;Calculer une somme;Entiers > Additionner > Somme;CE1;Nombres et calculs > Entiers : addition et soustraction > somme;haute;correspondance directe
54468151-387e-425d-bc4f-74bcf1c7fb01;Calculer une somme;Entiers > Additionner > Somme;CP;Nombres et calculs > Entiers : addition et soustraction > somme;haute;correspondance directe
716d5c68-4b13-4cdb-b063-bdfa07ead4db;Calculer une somme;Entiers > Additionner > Somme;CP;Nombres et calculs > Entiers : addition et soustraction > somme;haute;correspondance directe
ed5f5f52-ba4f-4c51-a843-2be19156b4b7;Calculer une somme;Entiers > Additionner > Somme;CE2;Nombres et calculs > Entiers : addition et soustraction > somme;haute;correspondance directe
fe9df9ba-2017-4027-b678-bae8196c3651;Calculer une somme;Entiers > Additionner > Somme;CM1;Nombres et calculs > Entiers : addition et soustraction > somme;haute;correspondance directe
850fc524-587b-4f8e-b2c5-851d17e9cfce;Additionner par regroupements;Entiers > Additionner > Somme astucieuse;CE2;Nombres et calculs > Entiers : addition et soustraction > calcul astucieux;haute;astucieux → calcul astucieux
f7998579-f64a-454b-9239-45639c0b4d4f;Additionner par regroupements;Entiers > Additionner > Somme astucieuse;CP;Nombres et calculs > Entiers : addition et soustraction > calcul astucieux;haute;astucieux → calcul astucieux
20c8352e-0128-4d1c-a156-c21b572b201d;Additionner par regroupements;Entiers > Additionner > Somme astucieuse;CE1;Nombres et calculs > Entiers : addition et soustraction > calcul astucieux;haute;astucieux → calcul astucieux
1597c23e-0ee7-48ea-aa57-3cc8c672f9fc;Additionner par regroupements;Entiers > Additionner > Somme astucieuse;CE1;Nombres et calculs > Entiers : addition et soustraction > calcul astucieux;haute;astucieux → calcul astucieux
e1b42f06-1587-431b-a340-528ca6853efc;Additionner par regroupements;Entiers > Additionner > Somme astucieuse;CE1;Nombres et calculs > Entiers : addition et soustraction > calcul astucieux;haute;astucieux → calcul astucieux
34aa31a8-eec5-46fa-b003-678060b97a6d;Additionner par regroupements;Entiers > Additionner > Somme astucieuse;CE1;Nombres et calculs > Entiers : addition et soustraction > calcul astucieux;haute;astucieux → calcul astucieux
25cc19ab-30c7-4935-a163-49c51ced3074;Additionner par regroupements;Entiers > Additionner > Somme astucieuse;CE1;Nombres et calculs > Entiers : addition et soustraction > calcul astucieux;haute;astucieux → calcul astucieux
869de343-1ae5-4ff5-9a6e-29957fc729a8;Ajouter $19$, $29$, $39$…;Entiers > Additionner > Somme astucieuse;CE1;Nombres et calculs > Entiers : addition et soustraction > calcul astucieux;haute;astucieux → calcul astucieux
6165a051-7414-49ed-a78f-29d6af1595fe;Ajouter $9$;Entiers > Additionner > Somme astucieuse;CP;Nombres et calculs > Entiers : addition et soustraction > calcul astucieux;haute;astucieux → calcul astucieux
73258d60-2dde-423a-b5d1-68a43a629012;Calculer une somme;Entiers > Additionner > Somme astucieuse;CE2;Nombres et calculs > Entiers : addition et soustraction > calcul astucieux;haute;astucieux → calcul astucieux
f316e71e-a58e-4bbc-bed3-5fc483478186;Table d'addition';Entiers > Additionner > Tables;CP;Nombres et calculs > Entiers : addition et soustraction > tables;haute;correspondance directe
0830bc42-9462-4ab7-8854-9d9a50b1f885;Table d'addition';Entiers > Additionner > Tables;CP;Nombres et calculs > Entiers : addition et soustraction > tables;haute;correspondance directe
ce407cd3-2d10-460f-af58-e5bcc2a8c595;Table d'addition';Entiers > Additionner > Tables;CP;Nombres et calculs > Entiers : addition et soustraction > tables;haute;correspondance directe
14db0ac6-1b80-4fcc-b79f-2a10dc578886;Table d'addition';Entiers > Additionner > Tables;CP;Nombres et calculs > Entiers : addition et soustraction > tables;haute;correspondance directe
03d73489-42c8-49bd-b363-a0b1f3f8e1fa;Table d'addition';Entiers > Additionner > Tables;CP;Nombres et calculs > Entiers : addition et soustraction > tables;haute;correspondance directe
38d05331-5890-4e42-99ab-cab52cfb39f8;Table d'addition';Entiers > Additionner > Tables;CP;Nombres et calculs > Entiers : addition et soustraction > tables;haute;correspondance directe
1bd5fec6-12dc-4b04-9c30-6a09aa5fc3e9;Table d'addition';Entiers > Additionner > Tables;CP;Nombres et calculs > Entiers : addition et soustraction > tables;haute;correspondance directe
3acfd757-25e1-4e58-9d5f-3684b9bfa830;Table d'addition';Entiers > Additionner > Tables;CP;Nombres et calculs > Entiers : addition et soustraction > tables;haute;correspondance directe
9e936c05-a438-40ef-8cab-63cd6059ab9a;Table d'addition';Entiers > Additionner > Tables;CP;Nombres et calculs > Entiers : addition et soustraction > tables;haute;correspondance directe
d97a3de2-db19-41b0-8214-593a78c12eb3;Trouver le tiers;Entiers > Additionner > Triple et tiers;CE1;Nombres et calculs > Entiers : addition et soustraction > triple et tiers;haute;correspondance directe
0b36b0bb-9cdc-4ed4-9ebc-2d7227a92018;Trouver le triple;Entiers > Additionner > Triple et tiers;CE1;Nombres et calculs > Entiers : addition et soustraction > triple et tiers;haute;correspondance directe
0ea36630-9a9f-43ad-89bd-ed296fc03477;Trouver le triple;Entiers > Additionner > Triple et tiers;CE2;Nombres et calculs > Entiers : addition et soustraction > triple et tiers;haute;correspondance directe
bb3cb3d3-3c9a-4ec8-830f-53272a5d2ef1;Trouver le triple;Entiers > Additionner > Triple et tiers;CE1;Nombres et calculs > Entiers : addition et soustraction > triple et tiers;haute;correspondance directe
0061c3bc-f11a-4857-a755-30e72e3843f8;Trouver le triple;Entiers > Additionner > Triple et tiers;CE2;Nombres et calculs > Entiers : addition et soustraction > triple et tiers;haute;correspondance directe
943151d0-0af5-46f0-bce8-e4acbd5f1029;Comparer deux nombres entiers;Entiers > Apprivoiser > Comparer;CP;Nombres et calculs > Entiers : numération > comparer;haute;Apprivoiser → numération
d4245f88-26a7-4608-991b-bfac03f996a5;Comparer deux nombres entiers;Entiers > Apprivoiser > Comparer;CE1;Nombres et calculs > Entiers : numération > comparer;haute;Apprivoiser → numération
0021eee7-2b1d-4228-ada9-6c759c01d0ec;Comparer deux nombres entiers;Entiers > Apprivoiser > Comparer;CM1;Nombres et calculs > Entiers : numération > comparer;haute;Apprivoiser → numération
68775a97-3dd5-4bc6-8af0-1ec9544e9a19;Comparer deux nombres entiers;Entiers > Apprivoiser > Comparer;CE2;Nombres et calculs > Entiers : numération > comparer;haute;Apprivoiser → numération
52c4d773-d86c-45a3-88e4-ddc99cc4beab;Décomposer l'écriture décimale d'un nombre;Entiers > Apprivoiser > Décomposition;CP;Nombres et calculs > Entiers : numération > décomposer;haute;Apprivoiser → numération
9827242b-fbcd-4b63-8003-2b898372be63;Décomposer l'écriture décimale d'un nombre;Entiers > Apprivoiser > Décomposition;CE1;Nombres et calculs > Entiers : numération > décomposer;haute;Apprivoiser → numération
495a397f-23b6-4bc4-82c3-2974b234b275;Décomposer l'écriture décimale d'un nombre;Entiers > Apprivoiser > Décomposition;CE1;Nombres et calculs > Entiers : numération > décomposer;haute;Apprivoiser → numération
823f9e95-4459-49fb-9378-683e1b886079;Décomposer l'écriture décimale un nombre;Entiers > Apprivoiser > Décomposition;CE2;Nombres et calculs > Entiers : numération > décomposer;haute;Apprivoiser → numération
7612e79a-7d54-4020-8d11-7253ec42622a;Décomposer l'écriture décimale un nombre;Entiers > Apprivoiser > Décomposition;CM1;Nombres et calculs > Entiers : numération > décomposer;haute;Apprivoiser → numération
7a34967c-bcb2-414b-920f-05d04aba34b4;Décomposer l'écriture décimale un nombre;Entiers > Apprivoiser > Décomposition;CE2;Nombres et calculs > Entiers : numération > décomposer;haute;Apprivoiser → numération
a6045667-0ede-4774-a56b-d4728841133c;Décomposer l'écriture décimale un nombre;Entiers > Apprivoiser > Décomposition;CM1;Nombres et calculs > Entiers : numération > décomposer;haute;Apprivoiser → numération
7c642d2f-7060-45bf-bce7-9192925ff49c;Décomposition décimale -> nombre entier;Entiers > Apprivoiser > Décomposition;CM1;Nombres et calculs > Entiers : numération > décomposer;haute;Apprivoiser → numération
accbfd16-cfcb-4256-a4db-c2f9383b5feb;Décomposition décimale -> nombre entier;Entiers > Apprivoiser > Décomposition;CM1;Nombres et calculs > Entiers : numération > décomposer;haute;Apprivoiser → numération
3eedd905-1526-4c90-9005-eb1df389a9f9;Décomposition décimale -> nombre entier (jusqu'aux centaines);Entiers > Apprivoiser > Décomposition;CE1;Nombres et calculs > Entiers : numération > décomposer;haute;Apprivoiser → numération
6ef8aedf-c8cf-4769-aa3e-b3de249492ae;Décomposition décimale -> nombre entier (jusqu'aux milliers);Entiers > Apprivoiser > Décomposition;CE2;Nombres et calculs > Entiers : numération > décomposer;haute;Apprivoiser → numération
17ed1fc1-07b6-4ec8-b140-393b5c56f55e;Connaître la position décimale;Entiers > Apprivoiser > Ecriture;CE1;Nombres et calculs > Entiers : numération > écrire;haute;Apprivoiser → numération
5bd4b19a-0416-4fcf-b55a-59f4ceb733e3;Connaître la position décimale;Entiers > Apprivoiser > Ecriture;CP;Nombres et calculs > Entiers : numération > écrire;haute;Apprivoiser → numération
13d52989-fff8-4da6-a189-1f589cd53355;Connaître la position décimale;Entiers > Apprivoiser > Ecriture;CE2;Nombres et calculs > Entiers : numération > écrire;haute;Apprivoiser → numération
0dd3de90-10fc-485b-a961-343b01a84cee;Ecrire un grand nombre entier avec des espaces;Entiers > Apprivoiser > Ecriture;CM2;Nombres et calculs > Entiers : numération > écrire;haute;Apprivoiser → numération
bd760867-7303-4ac8-87eb-724fb5994cab;Ecrire un grand nombre entier avec des espaces;Entiers > Apprivoiser > Ecriture;CM1;Nombres et calculs > Entiers : numération > écrire;haute;Apprivoiser → numération
906252f8-0104-4c9f-9eb9-3f70d80d7045;Ecrire un grand nombre entier avec des espaces;Entiers > Apprivoiser > Ecriture;CE2;Nombres et calculs > Entiers : numération > écrire;haute;Apprivoiser → numération
cda36cc2-7d9c-4340-99f0-143467c83786;Ecrire un grand nombre entier sans les zéros inutiles;Entiers > Apprivoiser > Ecriture;CM1;Nombres et calculs > Entiers : numération > écrire;haute;Apprivoiser → numération
ec030034-54c7-413a-a379-ab494b41f70d;Enigme pour trouver un nombre;Entiers > Apprivoiser > Ecriture;CM2;Nombres et calculs > Entiers : numération > écrire;haute;Apprivoiser → numération
c73734a8-aac1-4ce7-9aae-d568ce8752c5;Parité d'un nombre entier;Entiers > Apprivoiser > Ecriture;CE1;Nombres et calculs > Entiers : numération > écrire;haute;Apprivoiser → numération
d6268317-c78c-4404-a474-634a0b89553a;Repérer sur une demi-droite graduée;Entiers > Apprivoiser > Repérage;CE1;Nombres et calculs > Entiers : numération > repérer;haute;Apprivoiser → numération
6ca01910-6b66-4dce-91f2-7a22154282b6;Compléter une division à trou ;Entiers > Diviser > A trou;CE2;Nombres et calculs > Entiers : division > quotient;haute;relance 2026-10-07 : famille confirmée — le format « à trou » est une variation interne de l'opération
8d6d79a2-0b99-4dcb-a751-2105bbb8b441;Compléter une division à trou ;Entiers > Diviser > A trou;CE2;Nombres et calculs > Entiers : division > quotient;haute;relance 2026-10-07 : famille confirmée — le format « à trou » est une variation interne de l'opération
49777a0f-e209-435a-929c-5c593a45e1fd;Trouver un diviseur;Entiers > Diviser > Divisibilité;CE2;Arithmétique > Divisibilité > multiples et diviseurs;haute;titre + note de l'arbre
bd21a9d7-142a-47a0-be18-7719b58934ea;Trouver un diviseur;Entiers > Diviser > Divisibilité;CE2;Arithmétique > Divisibilité > multiples et diviseurs;haute;titre + note de l'arbre
71621ba5-d436-444c-a1e2-823a87f9b8fa;Trouver un diviseur;Entiers > Diviser > Divisibilité;CM2;Arithmétique > Divisibilité > multiples et diviseurs;haute;titre + note de l'arbre
9c03423a-38ce-44e3-ab44-20b4e90659b7;Utiliser un critère de divisibilité;Entiers > Diviser > Divisibilité;CM2;Arithmétique > Divisibilité > critères de divisibilité;haute;titre + note de l'arbre
e81493f7-38fe-4028-a265-872329534ae3;Utiliser un critère de divisibilité;Entiers > Diviser > Divisibilité;CM2;Arithmétique > Divisibilité > critères de divisibilité;haute;titre + note de l'arbre
58cf29a1-7110-4882-b514-dcaf6bf4efef;Utiliser un critère de divisibilité;Entiers > Diviser > Divisibilité;CM1;Arithmétique > Divisibilité > critères de divisibilité;haute;titre + note de l'arbre
d6e49340-e465-4228-8c37-306398c71ccb;Utiliser un critère de divisibilité;Entiers > Diviser > Divisibilité;CM1;Arithmétique > Divisibilité > critères de divisibilité;haute;titre + note de l'arbre
16056d25-3fb3-489c-bab1-f833f5de007c;Utiliser un critère de divisibilité;Entiers > Diviser > Divisibilité;CM1;Arithmétique > Divisibilité > critères de divisibilité;haute;titre + note de l'arbre
14a51794-8825-4297-9858-083fad48ab8c;Compléter l'égalité d'une division euclidienne;Entiers > Diviser > Division euclidienne;CE2;Nombres et calculs > Entiers : division > division euclidienne;haute;correspondance directe
15ed5af4-6f6b-4795-baf9-5037e801a532;Effectuer une division euclidienne;Entiers > Diviser > Division euclidienne;CE2;Nombres et calculs > Entiers : division > division euclidienne;haute;correspondance directe
59a07a94-054e-4b66-818f-e89cbed023d7;Est-ce bien un reste de division euclidienne ?;Entiers > Diviser > Division euclidienne;CE2;Nombres et calculs > Entiers : division > division euclidienne;haute;correspondance directe
3d4c45e5-1f92-4222-8544-9037dd4b34a7;Reconnaître un quotient et un reste dans une division euclidienne;Entiers > Diviser > Division euclidienne;CE2;Nombres et calculs > Entiers : division > division euclidienne;haute;correspondance directe
09f22a2f-9a2d-404a-b0b4-be00046b3d49;Calculer un quotient entier;Entiers > Diviser > Quotient;CM1;Nombres et calculs > Entiers : division > quotient;haute;correspondance directe
e6ddf5d7-2885-4e75-a375-ddf3fd43fc02;Calculer un quotient entier;Entiers > Diviser > Quotient;CE2;Nombres et calculs > Entiers : division > quotient;haute;correspondance directe
61baef92-f8ff-4641-91f3-74ce63f04232;Calculer un quotient entier;Entiers > Diviser > Quotient;CM1;Nombres et calculs > Entiers : division > quotient;haute;correspondance directe
4ee04b22-c7c3-42a7-8cbf-26022ffbbc28;Combien de fois ... dans ....;Entiers > Multiplier > A trou;CM1;Nombres et calculs > Entiers : division > quotient;haute;relance 2026-10-07 : sens quotition : division en germe
d22731c2-d6bd-4aca-8aac-f90d4aaa3d8f;Compléter une multiplication à trou;Entiers > Multiplier > A trou;CM2;Nombres et calculs > Entiers : multiplication > produit;haute;relance 2026-10-07 : famille confirmée — le format « à trou » est une variation interne de l'opération
e4e3b16e-76f9-471a-966c-cca9a3cea9e4;Compléter une multiplication à trou;Entiers > Multiplier > A trou;CM1;Nombres et calculs > Entiers : multiplication > produit;haute;relance 2026-10-07 : famille confirmée — le format « à trou » est une variation interne de l'opération
ae96d7af-e1f6-4390-8100-c779260e4152;Compléter une multiplication à trou;Entiers > Multiplier > A trou;CM2;Nombres et calculs > Entiers : multiplication > produit;haute;relance 2026-10-07 : famille confirmée — le format « à trou » est une variation interne de l'opération
1af7263e-bb3a-4e81-8503-a08b7c31db25;Compléter une multiplication à trou;Entiers > Multiplier > A trou;CM1;Nombres et calculs > Entiers : multiplication > produit;haute;relance 2026-10-07 : famille confirmée — le format « à trou » est une variation interne de l'opération
a5d5a7a0-2b7f-4174-a487-4c673fee5eeb;Compléter une multiplication à trou;Entiers > Multiplier > A trou;CM1;Nombres et calculs > Entiers : multiplication > produit;haute;relance 2026-10-07 : famille confirmée — le format « à trou » est une variation interne de l'opération
f4abc638-36cf-4544-9199-c676cac586a3;Compléter une multiplication à trou;Entiers > Multiplier > A trou;CE2;Nombres et calculs > Entiers : multiplication > produit;haute;relance 2026-10-07 : famille confirmée — le format « à trou » est une variation interne de l'opération
89525edd-a895-4069-880e-4f5ef421e36f;Compléter une multiplication à trou;Entiers > Multiplier > A trou;CE2;Nombres et calculs > Entiers : multiplication > produit;haute;relance 2026-10-07 : famille confirmée — le format « à trou » est une variation interne de l'opération
2042caf5-b8cf-406f-8b31-d5841981301e;Compléter une multiplication à trou;Entiers > Multiplier > A trou;CE2;Nombres et calculs > Entiers : multiplication > produit;haute;relance 2026-10-07 : famille confirmée — le format « à trou » est une variation interne de l'opération
bd127419-9f0f-4bd7-860c-b3ff94b5786e;Compléter une multiplication à trou;Entiers > Multiplier > A trou;CE2;Nombres et calculs > Entiers : multiplication > produit;haute;relance 2026-10-07 : famille confirmée — le format « à trou » est une variation interne de l'opération
b1c712cd-b969-495b-abc9-f3f6fb3e5a40;Compléter une multiplication à trou;Entiers > Multiplier > A trou;CE1;Nombres et calculs > Entiers : multiplication > produit;haute;relance 2026-10-07 : famille confirmée — le format « à trou » est une variation interne de l'opération
0d57cc73-26f3-4c99-a77d-885e2111e4b4;Compléter une multiplication à trou;Entiers > Multiplier > A trou;CE1;Nombres et calculs > Entiers : multiplication > produit;haute;relance 2026-10-07 : famille confirmée — le format « à trou » est une variation interne de l'opération
a0ac57ee-81b2-44ed-a421-2c3da817d58c;Compléter une multiplication à trou;Entiers > Multiplier > A trou;CE1;Nombres et calculs > Entiers : multiplication > produit;haute;relance 2026-10-07 : famille confirmée — le format « à trou » est une variation interne de l'opération
b8e781f6-6562-45ce-b261-49e78a004d13;Compléter une multiplication à trou;Entiers > Multiplier > A trou;CE1;Nombres et calculs > Entiers : multiplication > produit;haute;relance 2026-10-07 : famille confirmée — le format « à trou » est une variation interne de l'opération
883fbf29-693b-45b0-8d83-4882fa7fdde4;Compléter une multiplication à trou;Entiers > Multiplier > A trou;CM2;Nombres et calculs > Entiers : multiplication > produit;haute;relance 2026-10-07 : famille confirmée — le format « à trou » est une variation interne de l'opération
91ebd2ad-3035-492d-938a-5c76dad1ac8c;Compléter une multiplication à trou;Entiers > Multiplier > A trou;CE2;Nombres et calculs > Entiers : multiplication > produit;haute;relance 2026-10-07 : famille confirmée — le format « à trou » est une variation interne de l'opération
9c32b3cc-f8d8-4fe8-808b-e2e021fbb146;Compléter une multiplication à trou;Entiers > Multiplier > A trou;CE2;Nombres et calculs > Entiers : multiplication > produit;haute;relance 2026-10-07 : famille confirmée — le format « à trou » est une variation interne de l'opération
ee0ae544-946a-4c5a-a1cf-4761c4288cb2;Compléter une multiplication à trou;Entiers > Multiplier > A trou;CM1;Nombres et calculs > Entiers : multiplication > produit;haute;relance 2026-10-07 : famille confirmée — le format « à trou » est une variation interne de l'opération
31c3963e-e1e2-4fe2-bce1-83379f93b867;Compléter une multiplication à trou;Entiers > Multiplier > A trou;CE2;Nombres et calculs > Entiers : multiplication > produit;haute;relance 2026-10-07 : famille confirmée — le format « à trou » est une variation interne de l'opération
7ac0e898-2063-4321-82e9-c8ab1ad534a4;Compléter une multiplication à trou;Entiers > Multiplier > A trou;CM2;Nombres et calculs > Entiers : multiplication > produit;haute;relance 2026-10-07 : famille confirmée — le format « à trou » est une variation interne de l'opération
3107454a-6271-430b-ab8e-26c28fa69772;Calculer un carré;Entiers > Multiplier > Carrés;5;Nombres et calculs > Entiers : multiplication > carrés;haute;correspondance directe
b73cf408-2dde-4083-935c-78e76716861a;Utiliser la distributivité;Entiers > Multiplier > Distributivité;CM1;Nombres et calculs > Entiers : multiplication > distributivité;haute;correspondance directe
26d4c7c5-2025-417a-9cbb-c98b7217158a;Utiliser la distributivité;Entiers > Multiplier > Distributivité;6;Nombres et calculs > Entiers : multiplication > distributivité;haute;correspondance directe
bddd7963-1e7d-4583-beb9-bb8b4cb759e3;Utiliser la distributivité;Entiers > Multiplier > Distributivité;CM2;Nombres et calculs > Entiers : multiplication > distributivité;haute;correspondance directe
2de16f41-5385-445d-84be-d587b287d6ba;Utiliser la distributivité;Entiers > Multiplier > Distributivité;CM1;Nombres et calculs > Entiers : multiplication > distributivité;haute;correspondance directe
71cb3df0-e60d-49aa-9418-c1867f5df447;Utiliser la distributivité;Entiers > Multiplier > Distributivité;CM1;Nombres et calculs > Entiers : multiplication > distributivité;haute;correspondance directe
bf3089fa-4323-4af8-b4df-dd5d7dcb657f;Utiliser la distributivité;Entiers > Multiplier > Distributivité;CM1;Nombres et calculs > Entiers : multiplication > distributivité;haute;correspondance directe
9d709f5b-e079-4316-a4c7-fe51ae73544c;Utiliser la distributivité;Entiers > Multiplier > Distributivité;CE1;Nombres et calculs > Entiers : multiplication > distributivité;haute;correspondance directe
f74eede7-3447-43c9-9119-84af3805fbe7;Utiliser la distributivité;Entiers > Multiplier > Distributivité;CM1;Nombres et calculs > Entiers : multiplication > distributivité;haute;correspondance directe
59004d6b-3240-4708-be7f-c99ecae55a67;Utiliser la distributivité;Entiers > Multiplier > Distributivité;CE2;Nombres et calculs > Entiers : multiplication > distributivité;haute;correspondance directe
bc760fa1-d509-4730-8865-ffc2bb4b9ecf;Utiliser la distributivité;Entiers > Multiplier > Distributivité;CE2;Nombres et calculs > Entiers : multiplication > distributivité;haute;correspondance directe
4b9bce94-082a-424f-8a8c-bc6e48348482;Utiliser la distributivité;Entiers > Multiplier > Distributivité;CM1;Nombres et calculs > Entiers : multiplication > distributivité;haute;correspondance directe
72b8d989-4811-4f9a-a582-5a46b1f4ba24;Utiliser la distributivité;Entiers > Multiplier > Distributivité;CE2;Nombres et calculs > Entiers : multiplication > distributivité;haute;correspondance directe
43c7fa4f-adec-49f9-b04f-e4ac8d7999b1;Utiliser la distributivité;Entiers > Multiplier > Distributivité;CE2;Nombres et calculs > Entiers : multiplication > distributivité;haute;correspondance directe
1b3adbd5-4f0c-4b08-9723-e512261a3a55;Utiliser la distributivité;Entiers > Multiplier > Distributivité;CM1;Nombres et calculs > Entiers : multiplication > distributivité;haute;correspondance directe
6a7f461d-0123-40f3-9be0-ffae8c8d44cd;Utiliser la distributivité;Entiers > Multiplier > Distributivité;CE2;Nombres et calculs > Entiers : multiplication > distributivité;haute;correspondance directe
bf774c82-c2cb-496f-9305-d5da7b3ffe10;Utiliser la distributivité;Entiers > Multiplier > Distributivité;6;Nombres et calculs > Entiers : multiplication > distributivité;haute;correspondance directe
c4de2983-0df0-46a5-8bfb-1170bbdee706;Utiliser la distributivité;Entiers > Multiplier > Distributivité;CM2;Nombres et calculs > Entiers : multiplication > distributivité;haute;correspondance directe
f0420211-adb3-4e2c-955d-43c12f43ae98;Utiliser la distributivité;Entiers > Multiplier > Distributivité;CM2;Nombres et calculs > Entiers : multiplication > distributivité;haute;correspondance directe
f1e954b5-b2b7-455c-ae63-8355013e9a2b;Utiliser la distributivité;Entiers > Multiplier > Distributivité;CM2;Nombres et calculs > Entiers : multiplication > distributivité;haute;correspondance directe
108b97fa-438e-47c4-8020-7e3877fc28c3;Utiliser la distributivité;Entiers > Multiplier > Distributivité;6;Nombres et calculs > Entiers : multiplication > distributivité;haute;correspondance directe
824a8b26-ec03-4c52-9a6d-1c54b1d32506;Trouver la moitié;Entiers > Multiplier > Double et moitié;CE2;Nombres et calculs > Entiers : multiplication > double et moitié;haute;correspondance directe
e4c70b53-57ae-490d-9405-e9e6bc0b6c69;Trouver la moitié;Entiers > Multiplier > Double et moitié;CE1;Nombres et calculs > Entiers : multiplication > double et moitié;haute;correspondance directe
89bef942-2e3f-4f76-8712-4bf7e6f226cf;Trouver la moitié;Entiers > Multiplier > Double et moitié;CP;Nombres et calculs > Entiers : multiplication > double et moitié;haute;correspondance directe
25285413-ba15-401d-a0e8-fd0a84770f3a;Trouver le double;Entiers > Multiplier > Double et moitié;CP;Nombres et calculs > Entiers : multiplication > double et moitié;haute;correspondance directe
61093b4f-9b77-4d2e-a937-5d7fca632107;Trouver le double;Entiers > Multiplier > Double et moitié;CE2;Nombres et calculs > Entiers : multiplication > double et moitié;haute;correspondance directe
a3ef26ab-2334-4061-86f4-295f5e4e0bc4;Trouver le double;Entiers > Multiplier > Double et moitié;CP;Nombres et calculs > Entiers : multiplication > double et moitié;haute;correspondance directe
47f97c9f-5117-4817-8d10-7c17777397d8;Trouver le double;Entiers > Multiplier > Double et moitié;CE1;Nombres et calculs > Entiers : multiplication > double et moitié;haute;correspondance directe
7caa084f-655c-49ce-8658-1e253efbbeda;Décomposer un entier en produit;Entiers > Multiplier > Décomposition;CM1;Nombres et calculs > Entiers : multiplication > décomposition;haute;correspondance directe
220b954f-cdf3-445b-94ef-5a255cf0d747;Calculer un produit d'entiers;Entiers > Multiplier > Produit;CE2;Nombres et calculs > Entiers : multiplication > produit;haute;correspondance directe
3d0d175f-0d2a-40d1-bc08-104c564d66d3;Calculer un produit d'entiers;Entiers > Multiplier > Produit;CM2;Nombres et calculs > Entiers : multiplication > produit;haute;correspondance directe
d793de49-b065-46ea-aa8b-d09adcbb7617;Calculer un produit d'entiers;Entiers > Multiplier > Produit;6;Nombres et calculs > Entiers : multiplication > produit;haute;correspondance directe
e765013f-7b0a-4357-bfbf-4612f9943301;Calculer un produit d'entiers;Entiers > Multiplier > Produit;CM2;Nombres et calculs > Entiers : multiplication > produit;haute;correspondance directe
b9677e1f-273e-4709-a870-96e49ff6d19e;Chiffre des unités d'un produit;Entiers > Multiplier > Produit;6;Nombres et calculs > Entiers : multiplication > produit;haute;correspondance directe
4643ed4a-4cb9-456f-bc7b-a36c99b8290a;Multiplier deux multiples de $10$;Entiers > Multiplier > Produit;CM1;Nombres et calculs > Entiers : multiplication > produit;haute;correspondance directe
68bb6eda-b853-4a98-aad6-4fea055a7482;Multiplier par $30$, $40$, $50$, $60$, $70$, $80$, $90$;Entiers > Multiplier > Produit;CM1;Nombres et calculs > Entiers : multiplication > produit;haute;correspondance directe
0e39dbfb-cd2c-4d78-b070-7bdc1d7a62cc;Multiplier par 20;Entiers > Multiplier > Produit;CE2;Nombres et calculs > Entiers : multiplication > produit;haute;correspondance directe
8d6f283f-e810-4b9e-be2d-567aa955fc03;Multiplier par 20;Entiers > Multiplier > Produit;CE2;Nombres et calculs > Entiers : multiplication > produit;haute;correspondance directe
fbd02016-454b-49f1-8bca-6d0294581231;Calculer astucieusement un produit;Entiers > Multiplier > Produits astucieux;CE2;Nombres et calculs > Entiers : multiplication > calcul astucieux;haute;astucieux → calcul astucieux
e94c03b6-604f-4074-8763-0744b97cb7dd;Calculer astucieusement un produit;Entiers > Multiplier > Produits astucieux;CE1;Nombres et calculs > Entiers : multiplication > calcul astucieux;haute;astucieux → calcul astucieux
e58b1357-6fa8-4fce-9518-91d09d9acc49;Calculer un produit d'entiers;Entiers > Multiplier > Produits particuliers;CM2;Nombres et calculs > Entiers : multiplication > produits particuliers;haute;correspondance directe
32351845-9672-415f-9397-fa446b6edd78;Calculer un produit d'entiers;Entiers > Multiplier > Produits particuliers;CM2;Nombres et calculs > Entiers : multiplication > produits particuliers;haute;correspondance directe
59b781cc-1e3c-45e7-8b31-9773931129b3;Calculer un produit d'entiers;Entiers > Multiplier > Produits particuliers;CM1;Nombres et calculs > Entiers : multiplication > produits particuliers;haute;correspondance directe
e009f9d0-bc51-452e-9119-b6eff18cfe83;Calculer un produit d'entiers;Entiers > Multiplier > Produits particuliers;CM2;Nombres et calculs > Entiers : multiplication > produits particuliers;haute;correspondance directe
4063af49-ad24-46be-a9c1-124dcbe74413;Calculer un produit d'entiers;Entiers > Multiplier > Puissances de $$10$$;CE1;Nombres et calculs > Entiers : multiplication > puissances de 10;haute;correspondance directe
8390762c-b72d-4449-a8cc-5322e5bd77a4;Calculer un produit d'entiers;Entiers > Multiplier > Puissances de $$10$$;CM1;Nombres et calculs > Entiers : multiplication > puissances de 10;haute;correspondance directe
2c3a18e7-2727-4ae3-a899-e16cfc9c730b;Calculer un produit d'entiers;Entiers > Multiplier > Puissances de $$10$$;CE2;Nombres et calculs > Entiers : multiplication > puissances de 10;haute;correspondance directe
3c79eb9c-af15-4bce-ac3a-fff675a30484;Trouver le quadruple;Entiers > Multiplier > Quadruple et quart;CM1;Nombres et calculs > Entiers : multiplication > quadruple et quart;haute;correspondance directe
56b2737d-f208-4b46-a4af-80ba3a4d8c03;Trouver le quadruple;Entiers > Multiplier > Quadruple et quart;CE2;Nombres et calculs > Entiers : multiplication > quadruple et quart;haute;correspondance directe
b7cd1846-fb2a-4d5e-8269-925887ebfb3d;Trouver le quadruple;Entiers > Multiplier > Quadruple et quart;CM1;Nombres et calculs > Entiers : multiplication > quadruple et quart;haute;correspondance directe
4988fdac-b8db-4761-8876-e434b3f4496b;Trouver le quadruple;Entiers > Multiplier > Quadruple et quart;CE2;Nombres et calculs > Entiers : multiplication > quadruple et quart;haute;correspondance directe
eeb834fe-8997-4d12-80b8-04ba9f7b8ff9;Trouver le quart;Entiers > Multiplier > Quadruple et quart;CE2;Nombres et calculs > Entiers : multiplication > quadruple et quart;haute;correspondance directe
5e316657-bd6f-4911-9247-9601ec4bed42;Table de multiplication;Entiers > Multiplier > Tables;CE1;Nombres et calculs > Entiers : multiplication > tables;haute;correspondance directe
cf28acc2-2272-4e06-b15d-9db4fbfa9ced;Table de multiplication;Entiers > Multiplier > Tables;CE1;Nombres et calculs > Entiers : multiplication > tables;haute;correspondance directe
9d2df894-7275-4437-8e56-0751afb1bf89;Table de multiplication;Entiers > Multiplier > Tables;CE1;Nombres et calculs > Entiers : multiplication > tables;haute;correspondance directe
c956b35f-5640-4147-a76f-83c3ed0c42cb;Table de multiplication;Entiers > Multiplier > Tables;CE1;Nombres et calculs > Entiers : multiplication > tables;haute;correspondance directe
523f3f10-15a2-4340-8b3f-4736345111c5;Table de multiplication;Entiers > Multiplier > Tables;CE2;Nombres et calculs > Entiers : multiplication > tables;haute;correspondance directe
c32bfeba-5927-4e56-b423-17fde3491641;Table de multiplication;Entiers > Multiplier > Tables;CE2;Nombres et calculs > Entiers : multiplication > tables;haute;correspondance directe
3ba51eb3-dfe9-4cfb-847b-a0e130231c21;Table de multiplication;Entiers > Multiplier > Tables;CE1;Nombres et calculs > Entiers : multiplication > tables;haute;correspondance directe
6c53e785-b4dd-4908-ae33-5e88396f6965;Table de multiplication;Entiers > Multiplier > Tables;CE2;Nombres et calculs > Entiers : multiplication > tables;haute;correspondance directe
b78363f9-8413-4973-8068-247bf8cabd4a;Table de multiplication;Entiers > Multiplier > Tables;CE2;Nombres et calculs > Entiers : multiplication > tables;haute;correspondance directe
11a3ebb6-e357-4ab7-afee-518f814cb0fb;Trouver le tiers;Entiers > Multiplier > Triple et tiers;CE1;Nombres et calculs > Entiers : multiplication > triple et tiers;haute;correspondance directe
b760b7c0-824b-4770-8409-2f3306f11e1d;Trouver le triple;Entiers > Multiplier > Triple et tiers;CE1;Nombres et calculs > Entiers : multiplication > triple et tiers;haute;correspondance directe
21df294b-5eb7-488f-a87b-2bffdbaa6bfe;Trouver le triple;Entiers > Multiplier > Triple et tiers;CE1;Nombres et calculs > Entiers : multiplication > triple et tiers;haute;correspondance directe
cefb9dde-97a2-441e-87dd-bd185a03308b;Trouver le triple;Entiers > Multiplier > Triple et tiers;CE2;Nombres et calculs > Entiers : multiplication > triple et tiers;haute;correspondance directe
369a668f-db89-434d-b979-8bf666556c88;Trouver le triple;Entiers > Multiplier > Triple et tiers;CE2;Nombres et calculs > Entiers : multiplication > triple et tiers;haute;correspondance directe
6ca011c9-7384-4561-9aa1-d991575c569c;Calculer une expression avec parenthèses;Entiers > Priorités opératoires > Avec parenthèses;6;Nombres et calculs > Entiers : priorités opératoires > avec parenthèses;haute;correspondance directe
e0f6b04e-2969-4aaa-aa5c-8f8d2b2b637f;Calculer une expression avec parenthèses;Entiers > Priorités opératoires > Avec parenthèses;6;Nombres et calculs > Entiers : priorités opératoires > avec parenthèses;haute;correspondance directe
7d004582-6216-4a5b-845a-ebb96c424fc9;Calculer une expression sans parenthèses;Entiers > Priorités opératoires > Sans parenthèses;5;Nombres et calculs > Entiers : priorités opératoires > sans parenthèses;haute;correspondance directe
2250fe9f-4b62-4492-9cf2-1e16e66a710d;Calculer une expression sans parenthèses;Entiers > Priorités opératoires > Sans parenthèses;5;Nombres et calculs > Entiers : priorités opératoires > sans parenthèses;haute;correspondance directe
e5cf940b-0b97-41ba-8667-839c44c3e029;Calculer une expression sans parenthèses;Entiers > Priorités opératoires > Sans parenthèses;5;Nombres et calculs > Entiers : priorités opératoires > sans parenthèses;haute;correspondance directe
9f4cbd66-4fab-460b-8872-4a2b36d94267;Compléter une soustraction à trou;Entiers > Soustraire > A trou;CE2;Nombres et calculs > Entiers : addition et soustraction > différence;haute;relance 2026-10-07 : famille confirmée — le format « à trou » est une variation interne de l'opération
27bf3101-faf4-4d55-8233-ef8bb3548179;Compléter une soustraction à trou;Entiers > Soustraire > A trou;CE1;Nombres et calculs > Entiers : addition et soustraction > différence;haute;relance 2026-10-07 : famille confirmée — le format « à trou » est une variation interne de l'opération
3d6def48-eefd-4015-9090-ec2396ec3483;Compléter une soustraction à trou;Entiers > Soustraire > A trou;CE1;Nombres et calculs > Entiers : addition et soustraction > différence;haute;relance 2026-10-07 : famille confirmée — le format « à trou » est une variation interne de l'opération
caa02a8c-2af1-4e19-94f0-8df06e8467e0;Compléter une soustraction à trou;Entiers > Soustraire > A trou;CE1;Nombres et calculs > Entiers : addition et soustraction > différence;haute;relance 2026-10-07 : famille confirmée — le format « à trou » est une variation interne de l'opération
7d2d412b-843c-446f-8394-2a31856556d5;Compléter une soustraction à trou;Entiers > Soustraire > A trou;CE1;Nombres et calculs > Entiers : addition et soustraction > différence;haute;relance 2026-10-07 : famille confirmée — le format « à trou » est une variation interne de l'opération
1e93a463-38a4-411b-8c35-31ce93b42d43;Compléter une soustraction à trou;Entiers > Soustraire > A trou;CP;Nombres et calculs > Entiers : addition et soustraction > différence;haute;relance 2026-10-07 : famille confirmée — le format « à trou » est une variation interne de l'opération
48cac183-9ab0-442c-80dd-afbc11f29c66;Compléter une soustraction à trou;Entiers > Soustraire > A trou;CE1;Nombres et calculs > Entiers : addition et soustraction > différence;haute;relance 2026-10-07 : famille confirmée — le format « à trou » est une variation interne de l'opération
e7e7662d-74c2-456f-a409-f7130c86c608;Compléter une soustraction à trou;Entiers > Soustraire > A trou;CP;Nombres et calculs > Entiers : addition et soustraction > différence;haute;relance 2026-10-07 : famille confirmée — le format « à trou » est une variation interne de l'opération
fa57c725-cfac-4e6f-96c8-7987b1da69a9;Compléter une soustraction à trou (résultat positif);Entiers > Soustraire > A trou;CP;Nombres et calculs > Entiers : addition et soustraction > différence;haute;relance 2026-10-07 : famille confirmée — le format « à trou » est une variation interne de l'opération
a0cae721-afb8-46af-b966-8856fb012be0;Calculer une différence (résultat positif);Entiers > Soustraire > Différence;CE2;Nombres et calculs > Entiers : addition et soustraction > différence;haute;correspondance directe
5f78bd0e-9913-483f-808b-73d4b7d7a0a4;Calculer une différence (résultat positif);Entiers > Soustraire > Différence;CE2;Nombres et calculs > Entiers : addition et soustraction > différence;haute;correspondance directe
201b17f0-a12e-4772-abc4-fe75cb81ef44;Calculer une différence (résultat positif);Entiers > Soustraire > Différence;CP;Nombres et calculs > Entiers : addition et soustraction > différence;haute;correspondance directe
b0b30022-ed72-45e9-bbf9-628711470573;Calculer une différence (résultat positif);Entiers > Soustraire > Différence;CE1;Nombres et calculs > Entiers : addition et soustraction > différence;haute;correspondance directe
4d94ec28-27a9-4af5-8b11-42dc9d9aa103;Calculer une différence (résultat positif);Entiers > Soustraire > Différence;CE1;Nombres et calculs > Entiers : addition et soustraction > différence;haute;correspondance directe
83aa2196-817e-4f49-8fee-d0053a9b9198;Calculer une différence (résultat positif);Entiers > Soustraire > Différence;CE1;Nombres et calculs > Entiers : addition et soustraction > différence;haute;correspondance directe
08fbcd26-6068-47cc-8384-8aeed96c6a78;Calculer une différence (résultat positif);Entiers > Soustraire > Différence;CM1;Nombres et calculs > Entiers : addition et soustraction > différence;haute;correspondance directe
73550ee8-67d3-4df1-909e-cea3166d7d5c;Calculer une différence (résultat positif);Entiers > Soustraire > Différence;CP;Nombres et calculs > Entiers : addition et soustraction > différence;haute;correspondance directe
acf15102-533f-49bf-8add-2d6ffd4237aa;Calculer une différence (résultat positif);Entiers > Soustraire > Différence;CE1;Nombres et calculs > Entiers : addition et soustraction > différence;haute;correspondance directe
fc29d0c2-cb55-4b38-89b4-ab275b3442ae;Calculer une différence (résultat positif);Entiers > Soustraire > Différence;CP;Nombres et calculs > Entiers : addition et soustraction > différence;haute;correspondance directe
810f1824-18ac-48e5-bf15-1c0b3854f78b;Calculer une différence (résultat positif);Entiers > Soustraire > Différence;CE1;Nombres et calculs > Entiers : addition et soustraction > différence;haute;correspondance directe
a565fa02-e044-400b-b5d2-6d4c5aebf1f3;Soustraire $19$, $29$, …;Entiers > Soustraire > Différence astucieuse;CE2;Nombres et calculs > Entiers : addition et soustraction > calcul astucieux;haute;astucieux → calcul astucieux
0efb7c40-1e6e-4ba0-833e-8df0a0c29235;Soustraire $9$;Entiers > Soustraire > Différence astucieuse;CE2;Nombres et calculs > Entiers : addition et soustraction > calcul astucieux;haute;astucieux → calcul astucieux
5d515eb1-c8f8-4678-b4bd-f9ab3f34713f;Traduire une phrase en expression mathématique;Entiers > Vocabulaire > Traduire;6;Nombres et calculs > Entiers : priorités opératoires > traduire une phrase;haute;correspondance directe
78feafed-650f-44e0-a2c3-1e677809722b;Traduire une phrase en expression mathématique;Entiers > Vocabulaire > Traduire;5;Nombres et calculs > Entiers : priorités opératoires > traduire une phrase;haute;correspondance directe
10393ff9-b797-4557-a841-6e0b4e18c52b;Continuité lue sur une courbe : saut ou point anguleux;Fonctions > Continuité > Lecture graphique;T_SPE,T_COMP;Fonctions > Continuité > lecture graphique;haute;correspondance directe
d3ae0f61-3377-4d00-896e-291aaaf6ba5d;Encadrer la solution de f(x) = k à l'aide d'un tableau de valeurs;Fonctions > Continuité > Théorème des valeurs intermédiaires;T_SPE,T_COMP;Fonctions > Continuité > valeurs intermédiaires;haute;correspondance directe
2491dd75-f888-4b86-aff6-e969c375cb5c;Théorème des valeurs intermédiaires : nombre de solutions de f(x) = k;Fonctions > Continuité > Théorème des valeurs intermédiaires;T_SPE,T_COMP;Fonctions > Continuité > valeurs intermédiaires;haute;correspondance directe
a86442c1-78a0-42d1-af23-7f43d217bfa3;Calculer une dérivée;Fonctions > Dérivation > Apprivoiser;1_SPE;Fonctions > Dérivation > fonctions dérivées;haute;relance 2026-10-07 : cible confirmée sur l'arbre 2026-10-07.12
74d77343-34b9-4259-94c2-c9e2c473b052;Calculer une dérivée;Fonctions > Dérivation > Apprivoiser;1_SPE;Fonctions > Dérivation > fonctions dérivées;haute;relance 2026-10-07 : cible confirmée sur l'arbre 2026-10-07.12
bc1807a1-400e-4645-9f22-1157addd36bc;Composée de deux fonctions : calculer v∘u;Fonctions > Dérivation > Fonctions composées;T_SPE;Fonctions > Dérivation > fonctions composées;haute;correspondance directe
f52b93c4-ba45-4bb1-8d4f-e9f34f413f65;Dérivée d'une composée : √u, uⁿ, cos u, sin u;Fonctions > Dérivation > Fonctions composées;T_SPE;Fonctions > Dérivation > fonctions composées;haute;correspondance directe
50feeefd-27d8-4b73-9e97-e3226091fb0a;Dérivée de eᵘ, ln u et u²;Fonctions > Dérivation > Fonctions composées;T_SPE,T_COMP;Fonctions > Dérivation > fonctions composées;haute;correspondance directe
8b599a53-7e46-44a1-8e48-860c4d501b14;Dériver g(ax + b);Fonctions > Dérivation > Fonctions dérivées;1_SPE;Fonctions > Dérivation > fonctions dérivées;haute;correspondance directe
0140fdfa-1066-4885-b0ab-c597ff503283;Dériver l'inverse d'une fonction;Fonctions > Dérivation > Fonctions dérivées;1_SPE;Fonctions > Dérivation > fonctions dérivées;haute;correspondance directe
1666b8e9-8225-4e66-8b8c-4d5190806ed1;Dériver un polynôme;Fonctions > Dérivation > Fonctions dérivées;1_SPE;Fonctions > Dérivation > fonctions dérivées;haute;correspondance directe
8997f7c6-4a99-44e0-bd03-e76c7e69c596;Dériver un produit;Fonctions > Dérivation > Fonctions dérivées;1_SPE;Fonctions > Dérivation > fonctions dérivées;haute;correspondance directe
f1440b52-5a2b-4e6a-a112-7182b029d023;Dériver un quotient;Fonctions > Dérivation > Fonctions dérivées;1_SPE;Fonctions > Dérivation > fonctions dérivées;haute;correspondance directe
9755a856-1059-40aa-abf7-cb531d85cebc;Dériver une somme avec 1/x et √x;Fonctions > Dérivation > Fonctions dérivées;1_SPE;Fonctions > Dérivation > fonctions dérivées;haute;correspondance directe
cda8e0d2-366c-482f-8cf3-2564b4b7083d;Calculer un nombre dérivé;Fonctions > Dérivation > Nombre dérivé;1_SPE;Fonctions > Dérivation > nombre dérivé;haute;correspondance directe
d58208eb-48f8-4a77-b5bb-55cddcd845ab;Lire un nombre dérivé sur un graphique;Fonctions > Dérivation > Nombre dérivé;1_SPE;Fonctions > Dérivation > nombre dérivé;haute;correspondance directe
46913a48-c97f-4f00-9cdc-b98214b8420b;Taux de variation et nombre dérivé;Fonctions > Dérivation > Nombre dérivé;1_SPE;Fonctions > Dérivation > nombre dérivé;haute;correspondance directe
ed8444bb-dfa3-4b6c-8414-27afb3066d2b;Lire l'équation d'une tangente sur un graphique;Fonctions > Dérivation > Tangente;1_SPE;Fonctions > Dérivation > tangente;haute;correspondance directe
f52395d1-31ca-4bdb-be8f-723c5d96d2ac;Équation d'une tangente connaissant f(a) et f′(a);Fonctions > Dérivation > Tangente;1_SPE;Fonctions > Dérivation > tangente;haute;correspondance directe
05387201-2403-409a-8ebe-5898b6e77e3c;Équation de la tangente à un polynôme;Fonctions > Dérivation > Tangente;1_SPE;Fonctions > Dérivation > tangente;haute;correspondance directe
17f64f63-9af0-48ea-96b1-a74e0bef16f4;Du signe de f′ au sens de variation de f;Fonctions > Dérivation > Variations;1_SPE;Fonctions > Dérivation > variations;haute;correspondance directe
7f13ca89-ad64-4665-9f6b-e11fad8f8b08;Intervalle de croissance ou de décroissance d'une fonction avec ln;Fonctions > Dérivation > Variations;T_SPE,T_COMP;Fonctions > Dérivation > variations;haute;correspondance directe
2b382069-eaad-4627-8405-bddd24b81c38;Intervalles où f est croissante, f′ trinôme du second degré;Fonctions > Dérivation > Variations;1_SPE;Fonctions > Dérivation > variations;haute;correspondance directe
782bf7f8-b6af-43f2-a1d7-78089cdb9485;Lire les variations de f sur la courbe de f′;Fonctions > Dérivation > Variations;1_SPE;Fonctions > Dérivation > variations;haute;correspondance directe
83b1f614-95db-4d74-9fbf-d4d502ee8c01;Maximum local d'une fonction polynôme de degré 3;Fonctions > Dérivation > Variations;1_SPE;Fonctions > Dérivation > variations;haute;correspondance directe
bb554c62-ed89-4c2f-817b-c5aed549a469;Étude de fonction : ce qu'on cherche;Fonctions > Etude de fonction > Méthode;1_SPE;Fonctions > Dérivation > étude de fonction;haute;fiches de méthode
03b3d9b3-2d38-4062-a70b-c9b31839444b;Étude de fonction : ce que donne la dérivée;Fonctions > Etude de fonction > Méthode;1_SPE;Fonctions > Dérivation > étude de fonction;haute;fiches de méthode
b4096cd8-1aef-4b70-a185-b4b689258e08;Étude de fonction : où chercher les limites;Fonctions > Etude de fonction > Méthode;T_SPE,T_COMP;Fonctions > Dérivation > étude de fonction;haute;fiches de méthode
318ea542-65cb-4040-9b46-1d5803d9dee5;Étude de fonction : par quoi commencer;Fonctions > Etude de fonction > Méthode;1_SPE;Fonctions > Dérivation > étude de fonction;haute;fiches de méthode
496f958d-4733-45a2-be3c-243dc9f7dd66;Dériver un produit de fonction affine et d'exponentielle;Fonctions > Fonction exponentielle > Dérivation;1_SPE;Fonctions > Fonction exponentielle > dérivée;haute;correspondance directe
227f2c9c-3494-412d-bf88-e9b2c48c01a6;Dériver une exponentielle de fonction affine;Fonctions > Fonction exponentielle > Dérivation;1_SPE;Fonctions > Fonction exponentielle > dérivée;haute;correspondance directe
cffdd283-49ee-4292-b8ca-b6096b8b1ae2;Dériver une somme d'exponentielle et de polynôme;Fonctions > Fonction exponentielle > Dérivation;1_SPE;Fonctions > Fonction exponentielle > dérivée;haute;correspondance directe
e6b429b4-e6b4-41a1-b25b-57b66c989ce4;Produit d'exponentielles;Fonctions > Fonction exponentielle > Propriétés algébriques;1_SPE;Fonctions > Fonction exponentielle > propriétés algébriques;haute;correspondance directe
bd45ed7f-0e09-4777-9f66-1b932cd087d0;Puissance et inverse d'une exponentielle;Fonctions > Fonction exponentielle > Propriétés algébriques;1_SPE;Fonctions > Fonction exponentielle > propriétés algébriques;haute;correspondance directe
6137a555-a62d-4382-b509-4a6f7cbd346b;Quotient d'exponentielles;Fonctions > Fonction exponentielle > Propriétés algébriques;1_SPE;Fonctions > Fonction exponentielle > propriétés algébriques;haute;correspondance directe
a4272b10-cb61-42d1-8127-6c0224fc1d9b;Simplifier une expression exponentielle;Fonctions > Fonction exponentielle > Propriétés algébriques;1_SPE;Fonctions > Fonction exponentielle > propriétés algébriques;haute;correspondance directe
68166a11-b481-44cc-b881-07252a6fb98f;Valeurs et signe de l'exponentielle;Fonctions > Fonction exponentielle > Propriétés algébriques;1_SPE;Fonctions > Fonction exponentielle > propriétés algébriques;haute;correspondance directe
f40e8a4a-bddc-43aa-8c2c-ccf7cb5d4ae6;Reconnaître la courbe d'une fonction exponentielle;Fonctions > Fonction exponentielle > Représentation graphique;1_SPE;Fonctions > Fonction exponentielle > courbe;haute;correspondance directe
9765d776-cc70-4472-95e9-1c0d05396584;Tangente à la courbe de exp en 0;Fonctions > Fonction exponentielle > Représentation graphique;1_SPE;Fonctions > Fonction exponentielle > courbe;haute;correspondance directe
15d3aaa0-5eef-4c08-a38c-5b5c8d5ed6e1;Tangente à la courbe de exp en un point;Fonctions > Fonction exponentielle > Représentation graphique;1_SPE;Fonctions > Fonction exponentielle > courbe;haute;correspondance directe
245b4eb1-11fc-497a-b4cd-0a8934719d2c;Décroissance exponentielle;Fonctions > Fonction exponentielle > Suites et modélisation;1_SPE;Fonctions > Fonction exponentielle > suites et modélisation;haute;correspondance directe
ca8f40c2-bcb9-4f1d-8647-53e84a04ed79;Suite géométrique de raison exponentielle;Fonctions > Fonction exponentielle > Suites et modélisation;1_SPE;Fonctions > Fonction exponentielle > suites et modélisation;haute;correspondance directe
a86fc757-1639-4b22-84bd-af5abcf2b9e0;Extremum de x ↦ (x + a)eˣ;Fonctions > Fonction exponentielle > Variations;1_SPE;Fonctions > Fonction exponentielle > variations;haute;correspondance directe
9a04eb9f-18f7-413e-97b7-7ce41a899747;Intervalle où f est croissante, f′ de la forme (ax + b)eˣ;Fonctions > Fonction exponentielle > Variations;1_SPE;Fonctions > Fonction exponentielle > variations;haute;correspondance directe
c7b5130d-15f7-4b80-b678-34c3c13dff40;Sens de variation d'une fonction exponentielle de paramètre k;Fonctions > Fonction exponentielle > Variations;1_SPE;Fonctions > Fonction exponentielle > variations;haute;correspondance directe
6a5e58da-8015-4d0d-9a1f-6c8e8d9cae4d;Résoudre une inéquation du type eᵘ < eᶜ;Fonctions > Fonction exponentielle > Équations et inéquations;1_SPE;Fonctions > Fonction exponentielle > équations et inéquations;haute;correspondance directe
d73d7929-fd39-4234-963c-80038c22f5a3;Résoudre une inéquation du type eᵘ ≤ eᵛ;Fonctions > Fonction exponentielle > Équations et inéquations;1_SPE;Fonctions > Fonction exponentielle > équations et inéquations;haute;correspondance directe
7179a3b5-580a-4696-a22e-cd5f89c32c29;Résoudre une équation du type eᵘ = eᵛ;Fonctions > Fonction exponentielle > Équations et inéquations;1_SPE;Fonctions > Fonction exponentielle > équations et inéquations;haute;correspondance directe
6fe11613-789b-43c1-a38b-0d72bcb0d44e;Résoudre une équation du type eᵘ = eᶜ;Fonctions > Fonction exponentielle > Équations et inéquations;1_SPE;Fonctions > Fonction exponentielle > équations et inéquations;haute;correspondance directe
9a4592bf-5e79-4a4a-bb1a-698a715a4a34;Équations particulières avec l'exponentielle;Fonctions > Fonction exponentielle > Équations et inéquations;1_SPE;Fonctions > Fonction exponentielle > équations et inéquations;haute;correspondance directe
9ad36217-5f60-45c7-83ce-a1a870adc5da;Courbes de ln et exp : reconnaître, symétrie par rapport à y = x;Fonctions > Fonction logarithme > Courbe représentative;T_SPE,T_COMP;Fonctions > Logarithmes > courbe;haute;correspondance directe
723779c8-23a5-4768-9648-a19cab5558be;Dérivée d'une fonction avec ln;Fonctions > Fonction logarithme > Dérivée;T_SPE,T_COMP;Fonctions > Logarithmes > dérivée;haute;correspondance directe
ffd5c051-3db1-416b-9279-ee740ffb8d34;Propriétés algébriques du logarithme;Fonctions > Fonction logarithme > Propriétés algébriques;T_SPE,T_COMP;Fonctions > Logarithmes > propriétés algébriques;haute;correspondance directe
1a57c0a4-8992-4c3f-8ca7-f1a7ce9320dc;ln et exp, fonctions réciproques : calculer sans calculatrice;Fonctions > Fonction logarithme > Réciproque de l'exponentielle;T_SPE,T_COMP;Fonctions > Logarithmes > réciproque de l'exponentielle;haute;correspondance directe
14036c68-6854-422b-b06d-3890b3745573;Résoudre une inéquation avec ln ou exp;Fonctions > Fonction logarithme > Équations et inéquations;T_SPE,T_COMP;Fonctions > Logarithmes > équations et inéquations;haute;correspondance directe
d3301f2d-6293-4766-a789-d432cb11b489;Résoudre une équation avec ln ou exp;Fonctions > Fonction logarithme > Équations et inéquations;T_SPE,T_COMP;Fonctions > Logarithmes > équations et inéquations;haute;correspondance directe
ae0ad163-0c3a-4334-8748-8ccdefc7134c;Déterminer l'ordonnée à l'origine;Fonctions > Fonctions affines > Apprivoiser;2;Fonctions > Fonctions affines > coefficient directeur et ordonnée à l'origine;haute;titre
09f0c9ec-70ea-4b90-a949-7c6154e91104;Déterminer le coefficient directeur;Fonctions > Fonctions affines > Apprivoiser;2;Fonctions > Fonctions affines > coefficient directeur et ordonnée à l'origine;haute;titre
7c07749c-c90d-4393-a087-370f518e93e6;Déterminer si un point appartient à la courbe représentative d'une fonction affine;Fonctions > Fonctions affines > Apprivoiser;3;Fonctions > Fonctions affines > expression et droite;haute;relance 2026-10-07 : cible confirmée sur l'arbre 2026-10-07.12
15ddcc75-6c66-4ad1-a9e9-cd843241d006;Déterminer une image par une fonction affine;Fonctions > Fonctions affines > Apprivoiser;3;Fonctions > Fonctions affines > expression et droite;haute;relance 2026-10-07 : cible confirmée sur l'arbre 2026-10-07.12
1c5bce2c-5cdd-4c36-b11e-8b222844252f;Reconnaître une fonction affine;Fonctions > Fonctions affines > Apprivoiser;3;Fonctions > Fonctions affines > expression et droite;haute;relance 2026-10-07 : cible confirmée sur l'arbre 2026-10-07.12
0d43f797-8217-4dfe-a2be-9ee040f1ca35;Reconnaître une fonction affine;Fonctions > Fonctions affines > Apprivoiser;3;Fonctions > Fonctions affines > expression et droite;haute;relance 2026-10-07 : cible confirmée sur l'arbre 2026-10-07.12
2d29792b-f7d7-4950-90db-9530ca3b02c4;Vocabulaire des fonctions affines;Fonctions > Fonctions affines > Apprivoiser;3;Fonctions > Fonctions affines;haute;relance 2026-10-07 : cible confirmée sur l'arbre 2026-10-07.12
2bdb3db6-8ef7-43af-aa7a-2332e34d2a01;Racine d'une fonction affine;Fonctions > Fonctions affines > Equations;3;Fonctions > Fonctions affines > équations;haute;correspondance directe
75fe996a-ba8e-4e72-a1c3-536078b8254e;Résoudre l'équation $f(x)=k$;Fonctions > Fonctions affines > Equations;2;Fonctions > Fonctions affines > équations;haute;correspondance directe
7c0ee046-124a-4f90-a84a-9a41042804f7;Déterminer le sens de variation d'une fonction affine;Fonctions > Fonctions affines > Variations-Signe;3;Fonctions > Fonctions affines > variations et signe;haute;correspondance directe
336451af-1329-4e38-adf3-01a857455c1d;Déterminer si deux fonctions affines ont des droites représentatives parallèles;Fonctions > Fonctions affines > Variations-Signe;3;Fonctions > Fonctions affines > coefficient directeur et ordonnée à l'origine;haute;relance 2026-10-07 : cible confirmée sur l'arbre 2026-10-07.12
bba95c2d-033b-4648-944d-102a3c2c386d;Reconnaître le tableau de signe d'une fonction affine;Fonctions > Fonctions affines > Variations-Signe;3;Fonctions > Fonctions affines > variations et signe;haute;correspondance directe
4b3c1d88-c064-45da-8976-820dff5be28e;Convertir des degrés en radians;Fonctions > Fonctions trigonométriques > Cercle et radians;1_SPE;Fonctions > Fonctions trigonométriques > cercle et radians;haute;correspondance directe
aad6c700-242c-40a4-bd13-f24b016a8a59;Lire le réel associé à un point du cercle;Fonctions > Fonctions trigonométriques > Cercle et radians;1_SPE;Fonctions > Fonctions trigonométriques > cercle et radians;haute;correspondance directe
f7194c9d-5056-4444-8a66-78205d1dde32;Mesure principale d'un angle;Fonctions > Fonctions trigonométriques > Cercle et radians;1_SPE;Fonctions > Fonctions trigonométriques > cercle et radians;haute;correspondance directe
ee4e2ac6-c683-47ec-91bd-524409ef241e;Calculer cos x connaissant sin x;Fonctions > Fonctions trigonométriques > Cosinus et sinus d'un réel;1_SPE;Fonctions > Fonctions trigonométriques > cosinus et sinus d'un réel;haute;correspondance directe
679a2e3e-d034-4c9f-8c8f-5e0b6f545d1a;Cosinus et sinus d'angles associés;Fonctions > Fonctions trigonométriques > Cosinus et sinus d'un réel;1_SPE;Fonctions > Fonctions trigonométriques > cosinus et sinus d'un réel;haute;correspondance directe
5a89b292-e311-40fb-9115-e6572d031e40;Cosinus et sinus des angles remarquables;Fonctions > Fonctions trigonométriques > Cosinus et sinus d'un réel;1_SPE;Fonctions > Fonctions trigonométriques > cosinus et sinus d'un réel;haute;correspondance directe
0a2d3681-eb19-43db-89e9-762c406d9db4;Dériver une fonction construite avec cos et sin;Fonctions > Fonctions trigonométriques > Dérivées et variations;T_SPE;Fonctions > Fonctions trigonométriques > dérivées et variations;haute;correspondance directe
cac2d6ed-c215-4e58-aaeb-1b314476f41d;Optimum d'une fonction avec cos ou sin;Fonctions > Fonctions trigonométriques > Dérivées et variations;T_SPE;Fonctions > Fonctions trigonométriques > dérivées et variations;haute;correspondance directe
77b5e06d-1040-49ca-b8a4-f524ab0448ac;Variations de cos et sin entre −π et π;Fonctions > Fonctions trigonométriques > Dérivées et variations;T_SPE;Fonctions > Fonctions trigonométriques > dérivées et variations;haute;correspondance directe
7026a36a-dc96-4d46-8c39-950220a60f82;Étudier les variations d'une fonction avec cos ou sin;Fonctions > Fonctions trigonométriques > Dérivées et variations;T_SPE;Fonctions > Fonctions trigonométriques > dérivées et variations;haute;correspondance directe
68db64b0-95a8-4173-9bae-1125a1e36ea3;Lecture graphique sur la courbe d'une fonction trigonométrique;Fonctions > Fonctions trigonométriques > Fonctions cosinus et sinus;1_SPE;Fonctions > Fonctions trigonométriques;haute;relance 2026-10-07 : cible confirmée sur l'arbre 2026-10-07.12
7eec7032-a49c-4662-a2af-73c9ef8f2f98;Parité et périodicité de cosinus et sinus;Fonctions > Fonctions trigonométriques > Fonctions cosinus et sinus;1_SPE;Fonctions > Fonctions trigonométriques > parité et périodicité;haute;titre
7b4b149a-5a82-4aca-8b7f-7ef48d0ffd48;Reconnaître la courbe d'une fonction trigonométrique;Fonctions > Fonctions trigonométriques > Fonctions cosinus et sinus;T_SPE;Fonctions > Fonctions trigonométriques;haute;relance 2026-10-07 : cible confirmée sur l'arbre 2026-10-07.12
463f483e-51e1-49f9-a347-2e33bdef954a;Résoudre cos x ≥ a ou cos x < a sur un tour;Fonctions > Fonctions trigonométriques > Inéquations;1_SPE;Fonctions > Fonctions trigonométriques > inéquations;haute;correspondance directe
fccd570b-6e51-4fef-88f9-fa7e61a5c673;Résoudre sin x > a sur un tour;Fonctions > Fonctions trigonométriques > Inéquations;1_SPE;Fonctions > Fonctions trigonométriques > inéquations;haute;correspondance directe
18855802-b8e9-4fff-bfa8-256cc4d50c31;Lire la parité sur la courbe d'une fonction trigonométrique;Fonctions > Fonctions trigonométriques > Parité et périodicité;T_SPE;Fonctions > Fonctions trigonométriques > parité et périodicité;haute;correspondance directe
5072030d-8036-4621-a92b-75df54d371f9;Lire la période sur la courbe d'une fonction trigonométrique;Fonctions > Fonctions trigonométriques > Parité et périodicité;T_SPE;Fonctions > Fonctions trigonométriques > parité et périodicité;haute;correspondance directe
4c4d43dc-966d-4661-be5c-85272a3d73cf;Parité d'une fonction trigonométrique : calculer f(−x);Fonctions > Fonctions trigonométriques > Parité et périodicité;T_SPE;Fonctions > Fonctions trigonométriques > parité et périodicité;haute;correspondance directe
7df468d6-647c-4b59-9a6c-026a2279fd86;Période de x ↦ cos(ax + b) et x ↦ sin(ax + b);Fonctions > Fonctions trigonométriques > Parité et périodicité;T_SPE;Fonctions > Fonctions trigonométriques > parité et périodicité;haute;correspondance directe
174e202b-7061-4d17-9f86-f38315571f3f;Angles associés : simplifier une expression;Fonctions > Fonctions trigonométriques > Propriétés;1_SPE;Fonctions > Fonctions trigonométriques > angles associés;haute;relance 2026-10-07 : sous-notion créée au lot 1re spé (U3g)
dc4b8d08-b250-483a-b2a9-84944f12bb6e;Angles associés : simplifier une somme;Fonctions > Fonctions trigonométriques > Propriétés;1_SPE;Fonctions > Fonctions trigonométriques > angles associés;haute;relance 2026-10-07 : sous-notion créée au lot 1re spé (U3g)
fece187e-691f-488b-84c6-d37c84173066;Résoudre cos x = a sur un tour (valeurs remarquables);Fonctions > Fonctions trigonométriques > Équations;1_SPE;Fonctions > Fonctions trigonométriques > équations;haute;correspondance directe
afd9b3ff-c4ee-4061-ab99-7589aa1dc045;Résoudre sin x = a sur un tour (valeurs remarquables);Fonctions > Fonctions trigonométriques > Équations;1_SPE;Fonctions > Fonctions trigonométriques > équations;haute;correspondance directe
99c772c0-3a0c-4f63-b01e-a7da4de812c4;Équations trigonométriques : aucune solution, cos x = cos α, sin x = sin α;Fonctions > Fonctions trigonométriques > Équations;1_SPE;Fonctions > Fonctions trigonométriques > équations;haute;correspondance directe
7d552757-61db-493a-a846-7d2cdc0ec631;Reconnaître une équation ou une inéquation sur le cercle trigonométrique;Fonctions > Fonctions trigonométriques > Équations et inéquations;T_SPE;Fonctions > Fonctions trigonométriques > équations;haute;relance 2026-10-07 : cible confirmée sur l'arbre 2026-10-07.12
4314e62e-6357-4374-856d-69dd36883851;Résoudre cos x = a ou sin x = a dans ℝ;Fonctions > Fonctions trigonométriques > Équations et inéquations;T_SPE;Fonctions > Fonctions trigonométriques > équations;haute;relance 2026-10-07 : cible confirmée sur l'arbre 2026-10-07.12
9c7fb7cf-42b3-462e-9a8b-4c4cd8f37278;Résoudre cos x ⩽ a ou sin x ⩾ a entre −π et π (bornes comprises);Fonctions > Fonctions trigonométriques > Équations et inéquations;T_SPE;Fonctions > Fonctions trigonométriques > inéquations;haute;titre
42f091c1-35f2-47e4-8fb3-e38c1bbf0dfd;Résoudre cos(2x) = a ou sin(2x) = a sur un intervalle;Fonctions > Fonctions trigonométriques > Équations et inéquations;T_SPE;Fonctions > Fonctions trigonométriques > équations;haute;relance 2026-10-07 : cible confirmée sur l'arbre 2026-10-07.12
a4d8dc52-30c4-4414-b9d7-b1a0d13f6ae9;Asymptote parallèle à un axe : équation à partir d'une limite;Fonctions > Limites de fonctions > Asymptotes;T_SPE,T_COMP;Fonctions > Limites de fonctions > asymptotes;haute;correspondance directe
b97dabe1-0c52-483e-a738-e62386d5a638;Croissances comparées : exponentielle, puissances, logarithme;Fonctions > Limites de fonctions > Croissances comparées;T_SPE;Fonctions > Limites de fonctions > croissances comparées;haute;correspondance directe
7844be9a-36f9-4f27-8c6a-34529c3e6523;Limite d'une fonction : lever une forme indéterminée par le terme prépondérant;Fonctions > Limites de fonctions > Formes indéterminées;T_SPE;Fonctions > Limites de fonctions > formes indéterminées;haute;correspondance directe
04ec9518-1d43-461c-beb0-aa38d62b6835;Limite en un point : dénominateur qui tend vers 0;Fonctions > Limites de fonctions > Limite en un point;T_SPE,T_COMP;Fonctions > Limites de fonctions > limite en un point;haute;correspondance directe
806c10f4-d04c-44c2-9af1-84a65b636aca;Limite d'une fonction par opérations, sans forme indéterminée;Fonctions > Limites de fonctions > Opérations sur les limites;T_SPE,T_COMP;Fonctions > Limites de fonctions > opérations;haute;correspondance directe
9f00da01-a030-4697-8d69-20c380fa0b78;Déterminer l'équation de l'axe de symétrie de la parabole;Fonctions > Polynôme du second degré > Apprivoiser;1_SPE;Fonctions > Second degré > parabole;haute;relance 2026-10-07 : cible confirmée sur l'arbre 2026-10-07.12
87140df3-ed7a-4afc-98d9-dcd4d43e65bb;Déterminer la forme canonique.;Fonctions > Polynôme du second degré > Apprivoiser;1_SPE;Fonctions > Second degré > formes;haute;titre
1acb6d47-5d88-4ccf-830f-98dc57d0022c;Déterminer la nature de l'extremum;Fonctions > Polynôme du second degré > Apprivoiser;1_SPE;Fonctions > Second degré > variations;haute;relance 2026-10-07 : cible confirmée sur l'arbre 2026-10-07.12
b48d72dd-e93b-4f5c-ac81-117ff1c2c79c;Déterminer le signe d'une expression du second degré;Fonctions > Polynôme du second degré > Apprivoiser;1_SPE;Fonctions > Second degré > signe;haute;titre
56b1803f-f707-49a9-a0b7-3e6b8220f2d7;Déterminer les coordonnées du sommet;Fonctions > Polynôme du second degré > Apprivoiser;1_SPE;Fonctions > Second degré > parabole;haute;relance 2026-10-07 : cible confirmée sur l'arbre 2026-10-07.12
eae2ff6a-5e46-445b-bfa6-02cadb6d956a;Déterminer les racines d'un polynôme du second degré.;Fonctions > Polynôme du second degré > Apprivoiser;1_SPE;Fonctions > Second degré > racines;haute;racines du polynôme
64e53490-57b0-44ba-9737-94779b78191b;Lire le coefficient du terme de degré 2;Fonctions > Polynôme du second degré > Apprivoiser;1_SPE;Fonctions > Second degré > formes;haute;relance 2026-10-07 : identifier la forme
44b58fce-45ec-4979-819f-e4bdb8540944;Reconnaître la forme d'une expression du second degré;Fonctions > Polynôme du second degré > Apprivoiser;1_SPE;Fonctions > Second degré > formes;haute;titre
2871990c-21d1-4d96-a2df-897ee2a1cc5c;Reconnaître un polynôme du second degré;Fonctions > Polynôme du second degré > Apprivoiser;1_SPE;Fonctions > Second degré > formes;haute;relance 2026-10-07 : identifier la forme
25a7549a-34f5-4afc-a97d-d61c0a9efe4d;Calculer la racine double;Fonctions > Polynôme du second degré > Discriminant;1_SPE;Fonctions > Second degré > racines;haute;relance 2026-10-07 : cible confirmée sur l'arbre 2026-10-07.12
b09c430a-8ed5-44f1-a431-7b108299982b;Calculer le discriminant;Fonctions > Polynôme du second degré > Discriminant;1_SPE;Algèbre > Équations : second degré > discriminant;haute;relance 2026-10-07 : cible confirmée sur l'arbre 2026-10-07.12
c2e70ba1-08e2-4d6e-ba97-9194e2d2109d;Calculer les racines avec le discriminant (valeurs exactes);Fonctions > Polynôme du second degré > Discriminant;1_SPE;Fonctions > Second degré > racines;haute;relance 2026-10-07 : cible confirmée sur l'arbre 2026-10-07.12
f69a6e9e-28cf-46e3-b823-5712a2e028d9;Calculer les racines avec le discriminant (Δ carré parfait);Fonctions > Polynôme du second degré > Discriminant;1_SPE;Fonctions > Second degré > racines;haute;relance 2026-10-07 : cible confirmée sur l'arbre 2026-10-07.12
32993a13-829a-4876-bfe2-965c4a404d03;Nombre de racines selon le signe du discriminant;Fonctions > Polynôme du second degré > Discriminant;1_SPE;Algèbre > Équations : second degré > discriminant;haute;relance 2026-10-07 : cible confirmée sur l'arbre 2026-10-07.12
a9aece33-74e0-4120-817d-5bdf6b9414f3;Calculer la forme canonique;Fonctions > Polynôme du second degré > Formes;1_SPE;Fonctions > Second degré > formes;haute;correspondance directe
45e47034-959d-4996-a5d6-ea22fd0ac316;Développer une forme canonique ou factorisée;Fonctions > Polynôme du second degré > Formes;1_SPE;Fonctions > Second degré > formes;haute;correspondance directe
604f83b7-4ed3-4b0f-b393-85e60ac353b4;Factoriser un trinôme à l'aide de ses racines;Fonctions > Polynôme du second degré > Formes;1_SPE;Fonctions > Second degré > formes;haute;correspondance directe
f8ccc8b6-b5ec-4fce-9c74-8dd1520bb709;Vrai ou Faux sur les polynômes du second degré;Fonctions > Polynôme du second degré > Propriétés;1_SPE;Fonctions > Second degré;haute;relance 2026-10-07 : cible confirmée sur l'arbre 2026-10-07.12
1b1a6d7b-d776-491b-b2bc-b2bc9fe629fe;Déterminer les racines d'un polynôme du second degré;Fonctions > Polynôme du second degré > Racines;1_SPE;Fonctions > Second degré > racines;haute;correspondance directe
18e26873-dca0-4c73-bc23-f181e0164a66;Déterminer les racines d'un polynôme du second degré;Fonctions > Polynôme du second degré > Racines;1_SPE;Fonctions > Second degré > racines;haute;correspondance directe
0dee4515-8030-441c-bd7c-f1b7418e664b;Somme et produit des racines;Fonctions > Polynôme du second degré > Racines;1_SPE;Fonctions > Second degré > somme et produit des racines;haute;titre
f6219e5a-af46-4818-8537-6c65b6d9ae63;Trouver l'autre racine avec le produit des racines;Fonctions > Polynôme du second degré > Racines;1_SPE;Fonctions > Second degré > somme et produit des racines;haute;titre
2dd2b712-3687-4910-ab92-378c46125129;Trouver une racine évidente d'un polynôme;Fonctions > Polynôme du second degré > Racines;1_SPE;Fonctions > Second degré > racines;haute;correspondance directe
a0089728-f07a-46ba-8109-7550d2ac800d;Vérifier si un nombre est racine d'un polynôme;Fonctions > Polynôme du second degré > Racines;1_SPE;Fonctions > Second degré > racines;haute;correspondance directe
80489c90-34aa-4212-bf2e-62438ab017a0;Lire le signe de a et de Δ sur une parabole;Fonctions > Polynôme du second degré > Signe et inéquations;1_SPE;Fonctions > Second degré > parabole;haute;relance 2026-10-07 : cible confirmée sur l'arbre 2026-10-07.12
9e1d084e-ff83-4852-ad51-fe79c3328ae0;Résoudre une inéquation du second degré;Fonctions > Polynôme du second degré > Signe et inéquations;1_SPE;Algèbre > Inéquations : second degré > inéquations du second degré;haute;résoudre → Algèbre
568c7bee-093c-4765-839c-7b94e95d4a67;Signe d'un trinôme sur un intervalle;Fonctions > Polynôme du second degré > Signe et inéquations;1_SPE;Fonctions > Second degré > signe;haute;signe de f
0113c53d-ee4a-4da9-9327-537461ffdc85;Variations et extremum d'une fonction du second degré;Fonctions > Polynôme du second degré > Variations;1_SPE;Fonctions > Second degré > variations;haute;correspondance directe
d540f96e-6656-434f-bdbd-72347a2232a9;Calculer la valeur d'une valeur absolue;Fonctions > Valeur absolue > Apprivoiser;2;Fonctions > Fonction valeur absolue > définition et distance;haute;relance 2026-10-07 : cible confirmée sur l'arbre 2026-10-07.12
d03e49c0-ba65-4e1b-80ef-c595bba65d10;Calculer la valeur d'une valeur absolue;Fonctions > Valeur absolue > Apprivoiser;2;Fonctions > Fonction valeur absolue > définition et distance;haute;relance 2026-10-07 : cible confirmée sur l'arbre 2026-10-07.12
226e5b3b-fad4-4c99-92cb-42e123014055;Calculer la valeur d'une valeur absolue;Fonctions > Valeur absolue > Apprivoiser;2;Fonctions > Fonction valeur absolue > définition et distance;haute;relance 2026-10-07 : cible confirmée sur l'arbre 2026-10-07.12
6ece66a6-85e6-45ff-beff-25b9954c1984;Calculer la valeur d'une valeur absolue;Fonctions > Valeur absolue > Apprivoiser;2;Fonctions > Fonction valeur absolue > définition et distance;haute;relance 2026-10-07 : cible confirmée sur l'arbre 2026-10-07.12
d6a810f4-aa45-46b3-853a-c276a22870e7;Calculer une valeur absolue;Fonctions > Valeur absolue > Apprivoiser;2;Fonctions > Fonction valeur absolue > définition et distance;haute;relance 2026-10-07 : cible confirmée sur l'arbre 2026-10-07.12
34e569e7-7834-456f-8e48-65b2a1183030;Opposé d'une expression;Fonctions > Valeur absolue > Apprivoiser;2;Algèbre > Calcul littéral > opposé d'une expression;haute;relance 2026-10-07 : cible confirmée sur l'arbre 2026-10-07.12
4cc21ccd-03d9-4e62-b669-f5ca03a1cc9a;Signe d'une expression;Fonctions > Valeur absolue > Apprivoiser;2;Algèbre > Inégalités > signe d'une expression;haute;validé par David (2026-10-07) : nouvelle notion Inégalités
c7cdca01-326b-487f-8400-ba25d382de74;Signe d'une expression;Fonctions > Valeur absolue > Apprivoiser;2;Algèbre > Inégalités > signe d'une expression;haute;validé par David (2026-10-07) : nouvelle notion Inégalités
939153b6-9aa8-4a59-809e-071a7d3b8b77;Résoudre une équation avec une valeur absolue;Fonctions > Valeur absolue > Equations;2;Fonctions > Fonction valeur absolue > équations et inéquations;haute;correspondance directe
62b99aa7-ad93-43aa-b7af-7b48c0f8af50;Résoudre une équation avec une valeur absolue;Fonctions > Valeur absolue > Equations;2;Fonctions > Fonction valeur absolue > équations et inéquations;haute;correspondance directe
a80a780f-bed5-404c-b5fe-db4211437ac8;Caractérisations de la convexité et du point d'inflexion;Fonctions convexes > Convexité > Caractérisations;T_SPE,T_COMP;Fonctions > Convexité > caractérisations;haute;correspondance directe
a3fa892a-6b80-4d70-857d-dbb98ffbc117;Calculer une dérivée seconde;Fonctions convexes > Convexité > Dérivée seconde;T_SPE,T_COMP;Fonctions > Convexité > dérivée seconde;haute;correspondance directe
e814175b-95f0-4a2d-8689-e76c01ea91e6;Inégalité déduite de la convexité (tangente);Fonctions convexes > Convexité > Inégalités de convexité;T_SPE;Fonctions > Convexité > inégalités de convexité;haute;correspondance directe
37ce7759-c2fa-4353-a726-f0c942284053;Convexité et inflexion : lecture graphique sur f, f′ ou f″;Fonctions convexes > Convexité > Lecture graphique;T_SPE,T_COMP;Fonctions > Convexité > lecture graphique;haute;correspondance directe
21840f6c-e705-4ce7-b400-af9ca3ca195b;Reconnaître l'allure d'une courbe à partir de tableaux;Fonctions convexes > Convexité > Lecture graphique;T_SPE;Fonctions > Convexité > lecture graphique;haute;correspondance directe
08f9ad7b-7885-474f-b0a1-630a8847140e;Abscisse d'un point d'inflexion;Fonctions convexes > Convexité > Point d'inflexion;T_SPE,T_COMP;Fonctions > Convexité > point d'inflexion;haute;correspondance directe
c4775a3a-114f-41bb-a469-d29c5484dde7;Intervalle de convexité ou de concavité par le signe de f″;Fonctions convexes > Convexité > Signe de f″;T_SPE,T_COMP;Fonctions > Convexité > dérivée seconde;haute;signe de f″
7d12a172-405d-4281-af44-f02c265ad174;Compléter une addition ou soustraction à trou;Fractions > A trou > Addition - Soustraction;5;Nombres et calculs > Fractions : calculs > additionner et soustraire;haute;relance 2026-10-07 : famille confirmée — le format « à trou » est une variation interne de l'opération
86b80159-8395-4546-8d0e-2828693b6d97;Compléter une addition ou soustraction à trou;Fractions > A trou > Addition - Soustraction;4;Nombres et calculs > Fractions : calculs > additionner et soustraire;haute;relance 2026-10-07 : famille confirmée — le format « à trou » est une variation interne de l'opération
e8de8b81-3466-4b47-820d-50bc8b5f484f;Compléter une multiplication à trou;Fractions > A trou > Multiplication;4;Nombres et calculs > Fractions : calculs > multiplier;haute;relance 2026-10-07 : famille confirmée — le format « à trou » est une variation interne de l'opération
23b29a15-e08d-4c9c-bccf-97e589587578;Compléter une multiplication à trou;Fractions > A trou > Multiplication;4;Nombres et calculs > Fractions : calculs > multiplier;haute;relance 2026-10-07 : famille confirmée — le format « à trou » est une variation interne de l'opération
7abb09ef-bf3b-4e09-b013-777e3d4ad92e;Comparer deux fractions;Fractions > Apprivoiser > Comparer;5;Nombres et calculs > Fractions : sens et écritures > comparer;haute;Apprivoiser → sens et écritures
514dab07-b251-432f-b79a-5a0218f59010;Comparer deux fractions;Fractions > Apprivoiser > Comparer;5;Nombres et calculs > Fractions : sens et écritures > comparer;haute;Apprivoiser → sens et écritures
0d4765d8-22ce-4a1e-b96d-ef3660333079;Comparer deux fractions;Fractions > Apprivoiser > Comparer;CM1;Nombres et calculs > Fractions : sens et écritures > comparer;haute;Apprivoiser → sens et écritures
9089828a-2190-4f39-9c9a-2b123cdd81d9;Comparer deux fractions;Fractions > Apprivoiser > Comparer;CM1;Nombres et calculs > Fractions : sens et écritures > comparer;haute;Apprivoiser → sens et écritures
a186aa54-af28-46c9-ad2a-70cd70c1b495;Décomposer une fraction;Fractions > Apprivoiser > Décomposition;CM2;Nombres et calculs > Fractions : sens et écritures > décomposer;haute;Apprivoiser → sens et écritures
59b9170e-90db-4912-a6ee-0b7a9215e523;Décomposer une fraction;Fractions > Apprivoiser > Décomposition;CM2;Nombres et calculs > Fractions : sens et écritures > décomposer;haute;Apprivoiser → sens et écritures
83450f91-3dba-4d35-9139-f0ee013a3118;Décomposer une fraction;Fractions > Apprivoiser > Décomposition;CM1;Nombres et calculs > Fractions : sens et écritures > décomposer;haute;Apprivoiser → sens et écritures
c415d81d-64be-453a-a30e-fb5625530a68;Définition par quotient;Fractions > Apprivoiser > Définition;6;Nombres et calculs > Fractions : sens et écritures > définition;haute;Apprivoiser → sens et écritures
6fdcdda1-abba-44d5-9e10-610599ff8b06;Définition par quotient;Fractions > Apprivoiser > Définition;6;Nombres et calculs > Fractions : sens et écritures > définition;haute;Apprivoiser → sens et écritures
c6fe3cbf-5591-4080-ab9d-63ce00b5cdfa;Compléter une égalité de fractions;Fractions > Apprivoiser > Egalité de fractions;5;Nombres et calculs > Fractions : sens et écritures > égalité de fractions;haute;Apprivoiser → sens et écritures
d568cedb-6368-40f7-a149-6b7fbebd850d;Compléter une égalité de fractions;Fractions > Apprivoiser > Egalité de fractions;5;Nombres et calculs > Fractions : sens et écritures > égalité de fractions;haute;Apprivoiser → sens et écritures
635bbc32-6263-45c3-8c5e-4412afb69250;Compléter une égalité de fractions;Fractions > Apprivoiser > Egalité de fractions;5;Nombres et calculs > Fractions : sens et écritures > égalité de fractions;haute;Apprivoiser → sens et écritures
5aa1d44c-074a-45d6-a03c-d4532b233b0a;Compléter une égalité de fractions;Fractions > Apprivoiser > Egalité de fractions;6;Nombres et calculs > Fractions : sens et écritures > égalité de fractions;haute;Apprivoiser → sens et écritures
ab257a42-2c02-4823-9ae8-f2bd2c79b82b;Déterminer la forme décimale d'une fraction;Fractions > Apprivoiser > Forme décimale;6;Nombres et calculs > Fractions : sens et écritures > forme décimale;haute;Apprivoiser → sens et écritures
dd7db98e-2c46-4b1f-9501-edfa5b161ac1;Déterminer la forme décimale d'une fraction;Fractions > Apprivoiser > Forme décimale;CM2;Nombres et calculs > Fractions : sens et écritures > forme décimale;haute;Apprivoiser → sens et écritures
322f3479-0120-4a6d-839a-4e8df194f99e;Déterminer la forme décimale d'une fraction;Fractions > Apprivoiser > Forme décimale;CM1;Nombres et calculs > Fractions : sens et écritures > forme décimale;haute;Apprivoiser → sens et écritures
93147367-804e-4f71-aa6c-f80ca249fb0a;Déterminer la forme décimale d'une fraction;Fractions > Apprivoiser > Forme décimale;6;Nombres et calculs > Fractions : sens et écritures > forme décimale;haute;Apprivoiser → sens et écritures
81a64b0a-e6a2-45fc-90ce-c0aee11f539c;Déterminer une forme fractionnaire;Fractions > Apprivoiser > Forme décimale;6;Nombres et calculs > Fractions : sens et écritures > forme décimale;haute;Apprivoiser → sens et écritures
8a3a572b-526d-4d3a-a854-bb8b9e364190;Forme décimale d'une fraction;Fractions > Apprivoiser > Forme décimale;CM1;Nombres et calculs > Fractions : sens et écritures > forme décimale;haute;Apprivoiser → sens et écritures
37e39a3e-2714-4ca4-917a-7c865067aa86;Forme décimale d'une fraction;Fractions > Apprivoiser > Forme décimale;CM1;Nombres et calculs > Fractions : sens et écritures > forme décimale;haute;Apprivoiser → sens et écritures
f3477519-1309-4deb-b3cc-5af828f900bb;Forme décimale d'une fraction;Fractions > Apprivoiser > Forme décimale;CM2;Nombres et calculs > Fractions : sens et écritures > forme décimale;haute;Apprivoiser → sens et écritures
c88d66d6-099c-407f-8b41-2508888e4bd7;Forme décimale d'une fraction;Fractions > Apprivoiser > Forme décimale;CM1;Nombres et calculs > Fractions : sens et écritures > forme décimale;haute;Apprivoiser → sens et écritures
a62ccb82-e528-4618-867d-728eda80dd8e;Forme décimale d'une fraction;Fractions > Apprivoiser > Forme décimale;CM2;Nombres et calculs > Fractions : sens et écritures > forme décimale;haute;Apprivoiser → sens et écritures
b1d3c8aa-34f3-4d01-9e27-499a91c1940e;Forme décimale d'une fraction;Fractions > Apprivoiser > Forme décimale;CM2;Nombres et calculs > Fractions : sens et écritures > forme décimale;haute;Apprivoiser → sens et écritures
d159d49f-4141-4ac4-9cb1-de40cba2ffc1;Forme décimale d'une fraction;Fractions > Apprivoiser > Forme décimale;CM1;Nombres et calculs > Fractions : sens et écritures > forme décimale;haute;Apprivoiser → sens et écritures
d14fe0cf-cbbf-4349-a32d-4fd30de05c7f;Simplifier une fraction;Fractions > Apprivoiser > Simplification;5;Nombres et calculs > Fractions : sens et écritures > simplifier;haute;Apprivoiser → sens et écritures
c9d6c5db-e067-4056-9db9-4130485cb16a;Simplifier une fraction;Fractions > Apprivoiser > Simplification;4;Nombres et calculs > Fractions : sens et écritures > simplifier;haute;Apprivoiser → sens et écritures
b2af6f39-9f24-4491-95ba-7d25d53813fe;Simplifier une fraction;Fractions > Apprivoiser > Simplification;4;Nombres et calculs > Fractions : sens et écritures > simplifier;haute;Apprivoiser → sens et écritures
4f4a5c94-b162-4250-bc7c-255f9951c365;Simplifier une fraction;Fractions > Apprivoiser > Simplification;5;Nombres et calculs > Fractions : sens et écritures > simplifier;haute;Apprivoiser → sens et écritures
acbd2280-4fc8-4842-8474-8693975e6019;Simplifier une fraction;Fractions > Apprivoiser > Simplification;5;Nombres et calculs > Fractions : sens et écritures > simplifier;haute;Apprivoiser → sens et écritures
90dca27a-fc58-4821-9648-9cdc406b263f;Simplifier une fraction;Fractions > Apprivoiser > Simplification;5;Nombres et calculs > Fractions : sens et écritures > simplifier;haute;Apprivoiser → sens et écritures
58bbee5d-b4b1-4d03-9fad-08ec6172a580;Additionner des fractions;Fractions > Calculer > Addition et Soustraction;6;Nombres et calculs > Fractions : calculs > additionner et soustraire;haute;correspondance directe
acfdddb3-7f60-4e12-9408-3ee162b8cb17;Additionner des fractions;Fractions > Calculer > Addition et Soustraction;CM1;Nombres et calculs > Fractions : calculs > additionner et soustraire;haute;correspondance directe
f92d63a6-407d-4887-b263-f708f5904075;Additionner ou soustraire;Fractions > Calculer > Addition et Soustraction;5;Nombres et calculs > Fractions : calculs > additionner et soustraire;haute;correspondance directe
71ee6212-6739-4b1c-adf9-358cfda13cea;Additionner ou soustraire;Fractions > Calculer > Addition et Soustraction;5;Nombres et calculs > Fractions : calculs > additionner et soustraire;haute;correspondance directe
176e619d-52e2-45d5-8a9d-6b015f7a865e;Additionner ou soustraire;Fractions > Calculer > Addition et Soustraction;5;Nombres et calculs > Fractions : calculs > additionner et soustraire;haute;correspondance directe
79a9aaa1-5b7a-44fd-b97d-fdfedfc62ffd;Additionner ou soustraire;Fractions > Calculer > Addition et Soustraction;5;Nombres et calculs > Fractions : calculs > additionner et soustraire;haute;correspondance directe
ae988cc8-040a-4cff-9080-b99a05d7acfa;Additionner ou soustraire des fractions;Fractions > Calculer > Addition et Soustraction;5;Nombres et calculs > Fractions : calculs > additionner et soustraire;haute;correspondance directe
3527eaae-8a99-47fe-b7a3-8746b1c940f8;Calculer un quotient;Fractions > Calculer > Division;4;Nombres et calculs > Fractions : calculs > diviser;haute;correspondance directe
a395f569-1fa7-4d07-a85d-5c2a45edde3c;Calculer un quotient;Fractions > Calculer > Division;4;Nombres et calculs > Fractions : calculs > diviser;haute;correspondance directe
30a906e7-b128-437c-9cc8-55361a50db36;Calculer un quotient;Fractions > Calculer > Division;4;Nombres et calculs > Fractions : calculs > diviser;haute;correspondance directe
2cefbf89-44a7-406b-83e2-e9d7f793c08e;Calculer un quotient;Fractions > Calculer > Division;4;Nombres et calculs > Fractions : calculs > diviser;haute;correspondance directe
9c8d35a9-bc07-48e6-b58e-5cf86a43b776;Calculer un quotient;Fractions > Calculer > Division;4;Nombres et calculs > Fractions : calculs > diviser;haute;correspondance directe
8ffdbdb1-4688-47d6-89c1-f3c33e147311;Calculer une fraction d'une quantité;Fractions > Calculer > Fraction d'une quantité;5;Nombres et calculs > Fractions : calculs > fraction d'une quantité;haute;correspondance directe
9293eb9a-8b9a-43c1-b6bf-d2f71134dd44;Calculer une fraction d'une quantité;Fractions > Calculer > Fraction d'une quantité;5;Nombres et calculs > Fractions : calculs > fraction d'une quantité;haute;correspondance directe
0be55013-6c7d-447b-98f4-bdfa574ad506;Calculer une fraction d'une quantité;Fractions > Calculer > Fraction d'une quantité;5;Nombres et calculs > Fractions : calculs > fraction d'une quantité;haute;correspondance directe
4115768c-ddd5-4ecd-9436-ae3228dd9eed;Calculer l'inverse d'un nombre;Fractions > Calculer > Inverse;4;Nombres et calculs > Fractions : calculs > inverse;haute;correspondance directe
65110463-afc0-4dfd-91b3-977fd7402de7;Calculer l'inverse d'un nombre;Fractions > Calculer > Inverse;4;Nombres et calculs > Fractions : calculs > inverse;haute;correspondance directe
8fa3108c-692b-45d1-ac2a-7d4cb8cbf798;Calculer un produit;Fractions > Calculer > Multiplication;CM1;Nombres et calculs > Fractions : calculs > multiplier;haute;correspondance directe
25b78a6f-7a6e-4067-a729-761351333b27;Calculer un produit;Fractions > Calculer > Multiplication;4;Nombres et calculs > Fractions : calculs > multiplier;haute;correspondance directe
4bbe387a-6577-437f-8ae5-58619f22c115;Calculer un produit;Fractions > Calculer > Multiplication;4;Nombres et calculs > Fractions : calculs > multiplier;haute;correspondance directe
f4e3c18f-54ec-489a-8712-182c5ed53637;Calculer un produit;Fractions > Calculer > Multiplication;4;Nombres et calculs > Fractions : calculs > multiplier;haute;correspondance directe
e320755f-fa1d-4230-9997-c5917e1c56ef;Calculer un produit;Fractions > Calculer > Multiplication;CM1;Nombres et calculs > Fractions : calculs > multiplier;haute;correspondance directe
f705befd-9b37-45a9-8ee5-1f431e99b884;Calculer un produit;Fractions > Calculer > Multiplication;4;Nombres et calculs > Fractions : calculs > multiplier;haute;correspondance directe
01e205ed-e30a-402f-8517-fd308a2fb26a;Calcul de l'aire d'un carré.;Grandeurs > Aires > Aire d'un carré;6;Grandeurs et mesures > Aires > carré;haute;correspondance directe
9f33998e-af2a-4109-b664-10e5c9469d44;Trouver le côté d'un carré connaissant son aire.;Grandeurs > Aires > Aire d'un carré;6;Grandeurs et mesures > Aires > carré;haute;correspondance directe
810fd3be-3d56-4638-bd8f-7e29c90deabd;Calcul de l'aire d'un parallélogramme.;Grandeurs > Aires > Aire d'un parallélogramme;5;Grandeurs et mesures > Aires > parallélogramme;haute;correspondance directe
5fb2d24b-a4d7-4513-a706-1077ace12e48;Trouver la base d'un parallélogramme.;Grandeurs > Aires > Aire d'un parallélogramme;6;Grandeurs et mesures > Aires > parallélogramme;haute;correspondance directe
1de71a20-4bd4-4cb2-a0d3-369bef2e2afd;Trouver la hauteur d'un parallélogramme.;Grandeurs > Aires > Aire d'un parallélogramme;6;Grandeurs et mesures > Aires > parallélogramme;haute;correspondance directe
fdd849f5-56b8-4da5-82d8-37f819e3ceaf;Calcul de l'aire d'un rectangle.;Grandeurs > Aires > Aire d'un rectangle;6;Grandeurs et mesures > Aires > rectangle;haute;correspondance directe
059e3fc9-bc87-40b4-a8d8-b37e632fd3db;Trouver la largeur d'un rectangle.;Grandeurs > Aires > Aire d'un rectangle;6;Grandeurs et mesures > Aires > rectangle;haute;correspondance directe
72ac333e-4d40-44d3-bd27-25e8fd775729;Calcul de l'aire d'un triangle quelconque.;Grandeurs > Aires > Aire d'un triangle quelconque;6;Grandeurs et mesures > Aires > triangle quelconque;haute;correspondance directe
4a1e0767-7d1a-416c-aff4-9818165924e3;Trouver la base d'un triangle quelconque.;Grandeurs > Aires > Aire d'un triangle quelconque;6;Grandeurs et mesures > Aires > triangle quelconque;haute;correspondance directe
91c0f9a0-3c4d-4ee1-86be-aed4b02b38fa;Trouver la hauteur d'un triangle quelconque.;Grandeurs > Aires > Aire d'un triangle quelconque;6;Grandeurs et mesures > Aires > triangle quelconque;haute;correspondance directe
f3ae46e9-f305-429e-b9e9-f33d0062b7f0;Calcul de l'aire d'un triangle rectangle.;Grandeurs > Aires > Aire d'un triangle rectangle;6;Grandeurs et mesures > Aires > triangle rectangle;haute;correspondance directe
d006d936-c7a9-431f-819e-2f06da722c0e;Trouver le deuxième côté de l'angle droit.;Grandeurs > Aires > Aire d'un triangle rectangle;6;Grandeurs et mesures > Aires > triangle rectangle;haute;correspondance directe
de806bd6-d768-497c-81ad-c620a8d60aca;Ajouter des durées;Grandeurs > Durées > Calculer;6;Grandeurs et mesures > Durées > calculer;haute;correspondance directe
90aaf9dd-9b0a-45d2-9fa9-8d71ca41ab29;Ajouter des durées;Grandeurs > Durées > Calculer;6;Grandeurs et mesures > Durées > calculer;haute;correspondance directe
7a1bce0f-7db4-4e93-a1ea-2bed457995d3;Ajouter des durées (2);Grandeurs > Durées > Calculer;6;Grandeurs et mesures > Durées > calculer;haute;correspondance directe
2f3b42a3-8a03-463b-bce7-4953c3bfb62d;Ajouter des durées (2);Grandeurs > Durées > Calculer;6;Grandeurs et mesures > Durées > calculer;haute;correspondance directe
66348f97-93b5-4b4e-8671-363d846641ad;Ajouter des durées (3);Grandeurs > Durées > Calculer;6;Grandeurs et mesures > Durées > calculer;haute;correspondance directe
75956b22-7d7d-4f3e-b16e-c65a884fd75f;Ajouter des durées (3);Grandeurs > Durées > Calculer;6;Grandeurs et mesures > Durées > calculer;haute;correspondance directe
663fafd3-2a1f-4021-957a-2d94e318481e;Soustraire des durées;Grandeurs > Durées > Calculer;6;Grandeurs et mesures > Durées > calculer;haute;correspondance directe
0bb7a4ca-9c8c-4d37-a7d9-889aa7ed152a;Soustraire des durées (2);Grandeurs > Durées > Calculer;6;Grandeurs et mesures > Durées > calculer;haute;correspondance directe
311bf024-36c9-4256-9c5a-9444d20086e5;Convertir des durées;Grandeurs > Durées > Convertir;6;Grandeurs et mesures > Durées > convertir;haute;correspondance directe
35ce2472-0efc-4119-9b61-0c25985411d8;Convertir des durées;Grandeurs > Durées > Convertir;6;Grandeurs et mesures > Durées > convertir;haute;correspondance directe
b409c04c-81ff-477e-a7fd-f1dc1548e39b;Convertir des durées;Grandeurs > Durées > Convertir;6;Grandeurs et mesures > Durées > convertir;haute;correspondance directe
38ba3458-1561-4667-94e8-66302759fe2c;Convertir des durées;Grandeurs > Durées > Convertir;6;Grandeurs et mesures > Durées > convertir;haute;correspondance directe
ed61b1c5-4a2a-4c59-bab6-52ee2545fd53;Convertir des durées;Grandeurs > Durées > Convertir;6;Grandeurs et mesures > Durées > convertir;haute;correspondance directe
65c32979-d51b-4c65-9759-f1e8fa9c676e;Convertir des durées;Grandeurs > Durées > Convertir;6;Grandeurs et mesures > Durées > convertir;haute;correspondance directe
ebdc9d34-2444-4fe2-847e-7552611e4cfe;Convertir des durées;Grandeurs > Durées > Convertir;6;Grandeurs et mesures > Durées > convertir;haute;correspondance directe
3e21300d-4634-4810-8d64-90e5177d1653;Convertir des durées;Grandeurs > Durées > Convertir;6;Grandeurs et mesures > Durées > convertir;haute;correspondance directe
018c28a6-a7a5-4a18-81ab-127ec6ee8083;Convertir des durées;Grandeurs > Durées > Convertir;6;Grandeurs et mesures > Durées > convertir;haute;correspondance directe
4c1139bc-b581-4cc2-ab72-d007b6f08ff8;Convertir des durées;Grandeurs > Durées > Convertir;6;Grandeurs et mesures > Durées > convertir;haute;correspondance directe
0d7faf05-ac00-4492-a723-7217bb24e765;Convertir des durées;Grandeurs > Durées > Convertir;6;Grandeurs et mesures > Durées > convertir;haute;correspondance directe
5c5b5d76-a5e6-4fd9-b239-4d0748f120b9;Convertir des durées;Grandeurs > Durées > Convertir;6;Grandeurs et mesures > Durées > convertir;haute;correspondance directe
060086c8-2576-4b6f-a2c1-5994b83530db;Calcul du périmètre d'un carré.;Grandeurs > Périmètres > Périmètre d'un carré;6;Grandeurs et mesures > Périmètres > carré;haute;correspondance directe
00e255ee-0b1f-4ace-8097-d744bedfde8d;Trouver le côté d'un carré connaissant son périmètre.;Grandeurs > Périmètres > Périmètre d'un carré;6;Grandeurs et mesures > Périmètres > carré;haute;correspondance directe
66f9abbf-6e85-42ff-bf3c-af6d573491c3;Calcul du périmètre d'un rectangle.;Grandeurs > Périmètres > Périmètre d'un rectangle;6;Grandeurs et mesures > Périmètres > rectangle;haute;correspondance directe
3a7a5711-941c-466f-95c6-51a4691c767b;Trouver la largeur d'un rectangle.;Grandeurs > Périmètres > Périmètre d'un rectangle;6;Grandeurs et mesures > Périmètres > rectangle;haute;correspondance directe
82748db8-01fe-4c2e-86b6-4ef8c1dde805;Convertir dans une autre unité;Grandeurs > Unités > Unités composées;6;Grandeurs et mesures > Unités et conversions > unités composées;haute;correspondance directe
b79d4cb7-d138-4be0-86e5-57131c8e265d;Convertir dans une autre unité;Grandeurs > Unités > Unités composées;6;Grandeurs et mesures > Unités et conversions > unités composées;haute;correspondance directe
64e55fc7-c2f2-41d9-a0e5-01ca9fe6750b;Calculer avec des unités;Grandeurs > Unités > Unités simples;6;Grandeurs et mesures > Unités et conversions > unités simples;haute;correspondance directe
b6269f1e-8323-4cd4-a578-b669df1c31bb;Calculer avec des unités;Grandeurs > Unités > Unités simples;6;Grandeurs et mesures > Unités et conversions > unités simples;haute;correspondance directe
c31c9d95-aaab-4086-a1bd-ef94dd8d4c3d;Convertir dans une autre unité;Grandeurs > Unités > Unités simples;6;Grandeurs et mesures > Unités et conversions > unités simples;haute;correspondance directe
7a90fc45-a7e2-493b-96d5-d0963e51e136;Convertir dans une autre unité;Grandeurs > Unités > Unités simples;6;Grandeurs et mesures > Unités et conversions > unités simples;haute;correspondance directe
6b44d220-2485-4d2c-aa35-70e74abec66e;Calculer une vitesse moyenne;Grandeurs > Vitesses > Calculer;4;Proportionnalité > Vitesse > calculer;haute;note de l'arbre : vient de Grandeurs et mesures
1dd4d0ea-26d6-40a8-b804-e4dbf412c710;Convertir des vitesses;Grandeurs > Vitesses > Convertir;4;Proportionnalité > Vitesse > convertir;haute;note de l'arbre : vient de Grandeurs et mesures
355bd41a-1589-4c25-be09-5f062bada81a;Convertir dans une autre unité;Grandeurs > Volumes > conversions;6;Grandeurs et mesures > Volumes > conversions;haute;correspondance directe
c8f6970e-76b4-4bd5-beac-ee824751d6e3;Chaîne de Markov : distribution après n transitions;Graphes et matrices > Chaînes de Markov > Chaînes de Markov;T_EXP;Graphes > Chaînes de Markov > distribution après n transitions;haute;relance 2026-10-07 : sous-notion créée au lot Expertes (AA3)
c7d06dad-757d-4f44-ad7a-faa84a7871f0;Chaîne de Markov : matrice de transition et graphe pondéré;Graphes et matrices > Chaînes de Markov > Chaînes de Markov;T_EXP;Graphes > Chaînes de Markov > matrice de transition;haute;titre
49134f4f-864d-43a4-ab26-b60db0fe2388;Chaîne de Markov à deux états : distribution invariante;Graphes et matrices > Chaînes de Markov > Chaînes de Markov;T_EXP;Graphes > Chaînes de Markov > état stable;haute;titre
6be786ef-507f-4fdb-80ec-74db1b9179f5;Chaîne, cycle, connexité;Graphes et matrices > Graphes > Chaînes et connexité;T_EXP;Graphes > Chaînes et connexité;haute;correspondance directe
234270ac-a763-4cb9-bf87-4d44f441cde5;Matrice d'adjacence d'un graphe;Graphes et matrices > Graphes > Matrice d'adjacence;T_EXP;Graphes > Matrice d'adjacence;haute;correspondance directe
bff6ba73-181e-46b5-aa84-aef634c6d7fb;Nombre de chaînes de longueur n par la puissance de la matrice d'adjacence;Graphes et matrices > Graphes > Matrice d'adjacence;T_EXP;Graphes > Matrice d'adjacence;haute;correspondance directe
1f88d29a-086b-4fc9-9b28-debca396c697;Modéliser par un graphe : sommets, arêtes, situation possible ?;Graphes et matrices > Graphes > Modélisation par un graphe;T_EXP;Graphes > Vocabulaire des graphes > modélisation par un graphe;haute;correspondance directe
41eb477b-89b6-487c-9951-a5393caacc46;Modéliser une situation par un graphe : ordre, degrés, arêtes;Graphes et matrices > Graphes > Modélisation par un graphe;T_EXP;Graphes > Vocabulaire des graphes > modélisation par un graphe;haute;correspondance directe
31be400c-29fb-4877-a0e8-49c33d40add7;Graphe : ordre, degrés, nombre d'arêtes;Graphes et matrices > Graphes > Vocabulaire des graphes;T_EXP;Graphes > Vocabulaire des graphes > sommets, arêtes, degré;haute;titres : ordre, degrés, arêtes
5a53d098-b331-4d64-bcad-e14dbab53591;Somme des degrés et graphe complet;Graphes et matrices > Graphes > Vocabulaire des graphes;T_EXP;Graphes > Vocabulaire des graphes > sommets, arêtes, degré;haute;titres : ordre, degrés, arêtes
cd4f9fb3-9deb-402d-8fa5-278ef5089d61;Inverse d'une matrice carrée d'ordre 2;Graphes et matrices > Matrices > Calcul matriciel;T_EXP;Matrices > Calcul matriciel > inverse;haute;titre
a45c83ab-d85b-4958-b43c-223342a81acc;Opérations sur les matrices : somme, combinaison linéaire;Graphes et matrices > Matrices > Calcul matriciel;T_EXP;Matrices > Calcul matriciel > opérations;haute;titre
e90997eb-3058-460e-b120-9c045d2114e6;Produit de matrices : AB, matrice × colonne, ligne × matrice;Graphes et matrices > Matrices > Calcul matriciel;T_EXP;Matrices > Calcul matriciel > produit;haute;titre
7d094336-5d95-4530-9374-7d767348f456;Modéliser une situation par une matrice;Graphes et matrices > Matrices > Modélisation matricielle;T_EXP;Matrices > Suites et matrices > modélisation;haute;relance 2026-10-07 : cible confirmée sur l'arbre 2026-10-07.12
1820cab8-ab88-4365-bc13-d44c5e234c49;Puissances d'une matrice carrée;Graphes et matrices > Matrices > Puissances de matrices;T_EXP;Matrices > Calcul matriciel > puissances de matrices;haute;correspondance directe
7a28103b-435d-4f7d-a583-44d9269ff4a1;Suites de matrices colonnes Uₙ₊₁ = AUₙ + C;Graphes et matrices > Matrices > Suites et matrices;T_EXP;Matrices > Suites et matrices > suites couplées;haute;Uₙ₊₁ = AUₙ + C
9a6087c5-34e9-448e-9805-b05a4484d144;Systèmes linéaires et calcul matriciel;Graphes et matrices > Matrices > Systèmes linéaires;T_EXP;Matrices > Systèmes linéaires;haute;correspondance directe
93539700-7047-4edd-98fa-85a80276931e;Image d'un point par une transformation, composée = produit de matrices;Graphes et matrices > Matrices > Transformations du plan;T_EXP;Matrices > Transformations du plan > matrice d'une transformation;haute;correspondance directe
8d69e3a9-3b97-4ec5-a768-adac14a53ca3;Matrice d'une rotation, d'une symétrie, d'une homothétie;Graphes et matrices > Matrices > Transformations du plan;T_EXP;Matrices > Transformations du plan > matrice d'une transformation;haute;correspondance directe
9bea5ec2-237f-4ad8-bc21-b4374b85c6f4;Coordonnées du projeté orthogonal d'un point sur une droite;Géométrie > Géométrie repérée > Projeté orthogonal;1_SPE;Géométrie > Géométrie repérée > projeté orthogonal;haute;correspondance directe
f6c423de-acdf-4e7e-a622-feabdb289cce;Distance d'un point à une droite;Géométrie > Géométrie repérée > Projeté orthogonal;1_SPE;Géométrie > Géométrie repérée > projeté orthogonal;haute;correspondance directe
518f7f0b-389b-4cf2-b67c-5591ca00afb9;Droite perpendiculaire passant par un point;Géométrie > Géométrie repérée > Vecteur normal et équation de droite;1_SPE;Géométrie > Géométrie repérée > vecteur normal et équation de droite;haute;correspondance directe
71d10661-2f62-47df-9e00-37e2a6789080;Lire un vecteur normal sur une équation de droite;Géométrie > Géométrie repérée > Vecteur normal et équation de droite;1_SPE;Géométrie > Géométrie repérée > vecteur normal et équation de droite;haute;correspondance directe
81811b59-b17c-4d94-bbd4-7f5515b4dd6d;Équation d'une hauteur d'un triangle;Géométrie > Géométrie repérée > Vecteur normal et équation de droite;1_SPE;Géométrie > Géométrie repérée > vecteur normal et équation de droite;haute;correspondance directe
e710f32f-993f-4c49-9b18-f06ace3f1af7;Équation de droite : un point et un vecteur normal;Géométrie > Géométrie repérée > Vecteur normal et équation de droite;1_SPE;Géométrie > Géométrie repérée > vecteur normal et équation de droite;haute;correspondance directe
c2add21a-3c8a-4f02-bb87-59755c033510;Équation de la médiatrice d'un segment;Géométrie > Géométrie repérée > Vecteur normal et équation de droite;1_SPE;Géométrie > Géométrie repérée > vecteur normal et équation de droite;haute;correspondance directe
60a428b9-72d0-4375-99a3-26ef6f594d3b;Centre et rayon d’un cercle à partir de son équation développée;Géométrie > Géométrie repérée > Équation de cercle;1_SPE;Géométrie > Géométrie repérée > équation de cercle;haute;correspondance directe
d7ad48d8-614c-44e3-905d-b60f6630d2f5;Est-ce l’équation d’un cercle ?;Géométrie > Géométrie repérée > Équation de cercle;1_SPE;Géométrie > Géométrie repérée > équation de cercle;haute;correspondance directe
1602c40d-818f-4218-beb9-0d7f116992a4;Un point appartient-il à un cercle ?;Géométrie > Géométrie repérée > Équation de cercle;1_SPE;Géométrie > Géométrie repérée > équation de cercle;haute;correspondance directe
a6d7b414-b42d-4378-a3fd-eff48890cc72;Équation d’un cercle : centre et point, ou diamètre;Géométrie > Géométrie repérée > Équation de cercle;1_SPE;Géométrie > Géométrie repérée > équation de cercle;haute;correspondance directe
3a6583b5-9cc4-4005-9eb8-742828c5f7b4;Équation d’un cercle de centre et rayon donnés;Géométrie > Géométrie repérée > Équation de cercle;1_SPE;Géométrie > Géométrie repérée > équation de cercle;haute;correspondance directe
ca36b9c4-27b9-4376-ac37-7351a100abf5;Espace : calculer un angle avec le produit scalaire;Géométrie > Orthogonalité et distances dans l'espace > Angles;T_SPE;Géométrie > Orthogonalité : avec coordonnées > norme et distance;haute;relance 2026-10-07 : expressions en base orthonormée : la case du BO
119b9148-e95b-4865-b0d4-52f0cf264de2;Espace : norme d'un vecteur, distance entre deux points;Géométrie > Orthogonalité et distances dans l'espace > Norme et distance;T_SPE;Géométrie > Orthogonalité : avec coordonnées > norme et distance;haute;énoncé en coordonnées
294206b9-0b78-412f-9528-505d53b372eb;Espace : orthogonalité, trouver le paramètre;Géométrie > Orthogonalité et distances dans l'espace > Orthogonalité;T_SPE;Géométrie > Orthogonalité : avec coordonnées > norme et distance;haute;relance 2026-10-07 : expressions en base orthonormée : la case du BO
536db399-2e04-45fc-9f0b-a37a7678d8e8;Espace : plans perpendiculaires, droite orthogonale à un plan;Géométrie > Orthogonalité et distances dans l'espace > Orthogonalité droites et plans;T_SPE;Géométrie > Orthogonalité : avec coordonnées > vecteur normal à un plan;haute;relance 2026-10-07 : cible confirmée sur l'arbre 2026-10-07.12
1277a5b6-b979-4e3b-b5b6-e10aedfbedfb;Espace : calculer un produit scalaire;Géométrie > Orthogonalité et distances dans l'espace > Produit scalaire;T_SPE;Géométrie > Orthogonalité : avec coordonnées > norme et distance;haute;relance 2026-10-07 : expressions en base orthonormée : la case du BO
eae25eba-49aa-4be5-a3ae-eef9ec4e0a31;Espace : projeté orthogonal d'un point sur une droite;Géométrie > Orthogonalité et distances dans l'espace > Projeté orthogonal;T_SPE;Géométrie > Orthogonalité : avec coordonnées > coordonnées du projeté orthogonal;haute;relance 2026-10-07 : sous-notion créée au lot Tle spé (V2)
95f04c3e-03e1-4db4-a16e-36b713a2273f;Espace : projeté orthogonal sur un plan, distance à un plan;Géométrie > Orthogonalité et distances dans l'espace > Projeté orthogonal;T_SPE;Géométrie > Orthogonalité : avec coordonnées > coordonnées du projeté orthogonal;haute;relance 2026-10-07 : sous-notion créée au lot Tle spé (V2)
34b03dee-865d-405c-a284-abfac4248997;Espace : point d'une sphère, intersection d'une sphère et d'un plan;Géométrie > Orthogonalité et distances dans l'espace > Sphère;T_SPE;Géométrie > Orthogonalité : avec coordonnées > sphère;haute;énoncé en coordonnées
f7c15433-a944-4440-bb42-4a2f899e5f06;Al-Kashi : calculer un angle;Géométrie > Produit scalaire > Angles et longueurs;1_SPE;Géométrie > Produit scalaire > angles et longueurs;haute;correspondance directe
721324f9-6ab3-4f62-b22e-103b9eb71fda;Al-Kashi : calculer une longueur;Géométrie > Produit scalaire > Angles et longueurs;1_SPE;Géométrie > Produit scalaire > angles et longueurs;haute;correspondance directe
bf5dadf6-ba11-4fbb-a527-014f59e3145a;Angle de deux vecteurs;Géométrie > Produit scalaire > Angles et longueurs;1_SPE;Géométrie > Produit scalaire > angles et longueurs;haute;correspondance directe
b73923a1-ed5a-49b0-ba69-6e389e28cec3;Choisir la méthode dans une figure usuelle;Géométrie > Produit scalaire > Calculer un produit scalaire;1_SPE;Géométrie > Produit scalaire > calculer un produit scalaire;haute;correspondance directe
fe407c88-478d-419e-aa02-8b3c8e1a917a;Produit scalaire avec les coordonnées;Géométrie > Produit scalaire > Calculer un produit scalaire;1_SPE;Géométrie > Produit scalaire > calculer un produit scalaire;haute;correspondance directe
d787d8c0-6f5a-45d0-84de-73b887f81bc8;Produit scalaire avec les normes;Géométrie > Produit scalaire > Calculer un produit scalaire;1_SPE;Géométrie > Produit scalaire > calculer un produit scalaire;haute;correspondance directe
ba8ae428-e22b-4b01-b3d7-9d42af96a6c3;Produit scalaire avec les normes et l'angle;Géométrie > Produit scalaire > Calculer un produit scalaire;1_SPE;Géométrie > Produit scalaire > calculer un produit scalaire;haute;correspondance directe
9c7f7ef0-8491-4ce9-a52c-80bcf907845f;Produit scalaire par projection orthogonale;Géométrie > Produit scalaire > Calculer un produit scalaire;1_SPE;Géométrie > Produit scalaire > calculer un produit scalaire;haute;correspondance directe
044a3ae3-c54a-4521-9265-3997fcc6b0d2;Cercle de diamètre [AB];Géométrie > Produit scalaire > Lieux de points;1_SPE;Géométrie > Produit scalaire > lieux de points;haute;correspondance directe
a6f0ca3f-e981-479d-80f4-3ce032c93b80;Ensemble des points M tels que MA·MB = k;Géométrie > Produit scalaire > Lieux de points;1_SPE;Géométrie > Produit scalaire > lieux de points;haute;correspondance directe
d520539a-4d14-492d-8d85-a303a6c30798;Bilinéarité du produit scalaire;Géométrie > Produit scalaire > Propriétés;1_SPE;Géométrie > Produit scalaire > propriétés;haute;correspondance directe
74363137-8fef-4a59-bb0a-ce1c0908198f;Norme d'une somme ou d'une différence;Géométrie > Produit scalaire > Propriétés;1_SPE;Géométrie > Produit scalaire > propriétés;haute;correspondance directe
f2cc01fc-a317-4052-92d9-2c9f67255a14;Orthogonaux ou non ?;Géométrie > Produit scalaire > Propriétés;1_SPE;Géométrie > Produit scalaire > propriétés;haute;correspondance directe
2bfbf2fc-e7dc-4fd9-ab50-0cb3e7f5d402;Vecteurs orthogonaux;Géométrie > Produit scalaire > Propriétés;1_SPE;Géométrie > Produit scalaire > propriétés;haute;correspondance directe
0808e518-9aa6-4241-85b0-5132033fe3c8;Espace : intersection d'une droite et d'un plan;Géométrie > Représentations paramétriques et équations cartésiennes > Intersections;T_SPE;Géométrie > Espace : avec coordonnées > intersections;haute;correspondance directe
3bace561-460f-466d-b834-a605a59500a7;Espace : positions relatives d'une droite et d'un plan, de deux plans;Géométrie > Représentations paramétriques et équations cartésiennes > Positions relatives;T_SPE;Géométrie > Espace : avec coordonnées > positions relatives par le calcul;haute;correspondance directe
33be404b-d498-4243-8653-dbb819ea7542;Espace : lire une représentation paramétrique de droite;Géométrie > Représentations paramétriques et équations cartésiennes > Représentation paramétrique d'une droite;T_SPE;Géométrie > Espace : avec coordonnées > représentation paramétrique d'une droite;haute;correspondance directe
91c7b083-8714-4559-9a6e-8e9fe86b59bd;Espace : vecteur normal lu sur une équation de plan;Géométrie > Représentations paramétriques et équations cartésiennes > Vecteur normal à un plan;T_SPE;Géométrie > Orthogonalité : avec coordonnées > vecteur normal à un plan;haute;correspondance directe
2b240d8c-bdc2-4a55-a8db-a028f02ec889;Espace : trouver un vecteur directeur ou un vecteur normal;Géométrie > Représentations paramétriques et équations cartésiennes > Vecteurs directeurs et normaux;T_SPE;Géométrie > Orthogonalité : avec coordonnées > vecteur normal à un plan;haute;relance 2026-10-07 : cible confirmée sur l'arbre 2026-10-07.12
35697e01-53f5-4a45-9eb5-c7e9882065b2;Espace : point d'un plan, coordonnée manquante;Géométrie > Représentations paramétriques et équations cartésiennes > Équation cartésienne d'un plan;T_SPE;Géométrie > Orthogonalité : avec coordonnées > équation cartésienne d'un plan;haute;correspondance directe
d192da3e-534d-4c3e-b30e-68c9f166b8a9;Espace : équation cartésienne d'un plan (calculer d);Géométrie > Représentations paramétriques et équations cartésiennes > Équation cartésienne d'un plan;T_SPE;Géométrie > Orthogonalité : avec coordonnées > équation cartésienne d'un plan;haute;correspondance directe
646b4cd3-71da-4092-9542-5fee745b3043;Espace : équation d'une sphère, centre et rayon;Géométrie > Représentations paramétriques et équations cartésiennes > Équation d'une sphère;T_SPE;Géométrie > Orthogonalité : avec coordonnées > sphère;haute;correspondance directe
affceacd-5dab-474e-aa7e-75d2d542a935;Espace : vecteurs colinéaires, points alignés;Géométrie > Vecteurs, droites et plans de l'espace > Colinéarité et alignement;T_SPE;Géométrie > Espace : avec coordonnées > coordonnées dans l'espace;haute;relance 2026-10-07 : décomposition/base en coordonnées
68b13d33-57b5-4f5f-a3d0-ffbc80d78587;Espace : points alignés ? vecteurs formant une base ?;Géométrie > Vecteurs, droites et plans de l'espace > Colinéarité et coplanarité;T_SPE;Géométrie > Espace : avec coordonnées > coordonnées dans l'espace;haute;relance 2026-10-07 : décomposition/base en coordonnées
d6938108-2f87-430c-bc69-c2b148356087;Espace : coordonnées de vecteurs et de points;Géométrie > Vecteurs, droites et plans de l'espace > Coordonnées dans l'espace;T_SPE;Géométrie > Espace : avec coordonnées > coordonnées dans l'espace;haute;énoncé en coordonnées
ac94a453-5a3f-43f0-9984-d832e9117263;Espace : décomposer un vecteur, vecteurs coplanaires;Géométrie > Vecteurs, droites et plans de l'espace > Coplanarité, décomposition;T_SPE;Géométrie > Espace : avec coordonnées > coordonnées dans l'espace;haute;relance 2026-10-07 : décomposition/base en coordonnées
b52c53d8-df28-48a3-b494-56fb1cd72009;Calculer une intégrale à l'aide d'une primitive;Intégration > Calcul intégral > Calcul par une primitive;T_SPE,T_COMP;Intégration > Calcul d'intégrales > par une primitive;haute;correspondance directe
fc2ea212-c23b-407a-b4b7-6f3a48b40ef5;Intégration par parties;Intégration > Calcul intégral > Intégration par parties;T_SPE;Intégration > Calcul d'intégrales > intégration par parties;haute;correspondance directe
822d0318-0c4d-4e60-9c4d-1082302e09f3;Méthode des rectangles : calculer la somme pour n petit;Intégration > Calcul intégral > Méthode des rectangles;T_SPE,T_COMP;Intégration > Calcul d'intégrales > méthode des rectangles;haute;correspondance directe
95ee8348-8d34-4cf4-a798-544ee0622aa7;Dérivée de x ↦ ∫ₐˣ f(t) dt;Intégration > Fonction intégrale > Dérivée;T_SPE,T_COMP;Intégration > Fonction intégrale > dérivée d'une fonction intégrale;haute;correspondance directe
a32e6d38-6472-41fe-8499-cb4a85a9b718;Intégrale d'une fonction de signe quelconque : aire algébrique;Intégration > Intégrale et aire > Aire algébrique;T_SPE,T_COMP;Intégration > Intégrale et aire > aire algébrique;haute;correspondance directe
164edf6b-d68c-4a19-8f81-1a0d596496a4;Aire entre deux courbes;Intégration > Intégrale et aire > Aire entre deux courbes;T_SPE,T_COMP;Intégration > Intégrale et aire > aire entre deux courbes;haute;correspondance directe
6ed907d7-03b3-43b2-b737-37bf7c633f16;Intégrale d'une fonction positive : aire d'une figure simple;Intégration > Intégrale et aire > Lecture graphique;T_SPE,T_COMP;Intégration > Intégrale et aire > lecture graphique;haute;correspondance directe
3b396d9c-5e35-42dd-8c21-f63323418f37;Relation de Chasles pour les intégrales;Intégration > Propriétés de l'intégrale > Relation de Chasles;T_SPE,T_COMP;Intégration > Calcul d'intégrales > relation de Chasles;haute;correspondance directe
76843d15-31fa-42a3-9da3-8ee1490d6018;Valeur moyenne d'une fonction sur un intervalle;Intégration > Valeur moyenne > Calcul;T_SPE,T_COMP;Intégration > Valeur moyenne > calcul;haute;correspondance directe
dd0ee69a-2203-47a3-b2b8-af70a77281d3;Encadrer une intégrale ou une valeur moyenne;Intégration > Valeur moyenne > Encadrement;T_SPE,T_COMP;Intégration > Valeur moyenne > encadrement;haute;correspondance directe
f26151ff-9b70-414b-9c92-b53a1839bd79;Interpréter une intégrale ou une valeur moyenne en contexte;Intégration > Valeur moyenne > Interprétation;T_SPE,T_COMP;Intégration > Valeur moyenne > interprétation;haute;correspondance directe
5062197a-5ffa-47bf-805d-8ec39d4445b8;Vrai ou faux : inclusion;Logique > Ensembles > Appartenance et inclusion;1_SPE;Ensembles > Ensembles de nombres > appartenance et inclusion;haute;correspondance directe
5b20321f-e86a-4a13-b478-1cf4f441e920;À quels ensembles de nombres appartient ce nombre ?;Logique > Ensembles > Appartenance et inclusion;1_SPE;Ensembles > Ensembles de nombres > appartenance et inclusion;haute;correspondance directe
0a1ff14f-ac73-4b9e-ab4c-a4d465c78e76;Cardinal d'une réunion et d'un produit cartésien;Logique > Ensembles > Cardinal et produit cartésien;1_SPE;Ensembles > Cardinal et produit cartésien > cardinal;haute;titre
db8b5dc8-2d2d-41ed-9af5-a4f5551c6aaa;Un couple appartient-il à A × B ?;Logique > Ensembles > Cardinal et produit cartésien;1_SPE;Ensembles > Cardinal et produit cartésien > produit cartésien;haute;titre
8c31675a-44af-48df-bb3e-cde85a8d3f35;Réunion, intersection et complémentaire d'intervalles;Logique > Ensembles > Intervalles;1_SPE;Ensembles > Ensembles de nombres > intervalles;haute;relance 2026-10-07 : cible confirmée sur l'arbre 2026-10-07.12
9724dc3d-8df6-4c45-b936-439b18ed4c39;Intersection, réunion et complémentaire d'ensembles finis;Logique > Ensembles > Opérations sur les ensembles;1_SPE;Ensembles > Opérations sur les ensembles;haute;réunion, intersection et complémentaire
f98164b1-031d-4ff9-8d16-8c97ebe485f6;Donner un contre-exemple;Logique > Logique et raisonnement > Connecteurs et contre-exemples;1_SPE;Logique > Connecteurs et contre-exemples;haute;correspondance directe
219c9470-ffe0-48a6-bebf-39fb814ad613;« Et » et « ou » : vrai ou faux ?;Logique > Logique et raisonnement > Connecteurs et contre-exemples;1_SPE;Logique > Connecteurs et contre-exemples;haute;correspondance directe
6c3ee9e6-3c71-4ff9-943b-22691a9a92c7;« Et », « ou » et intervalles;Logique > Logique et raisonnement > Connecteurs et contre-exemples;1_SPE;Logique > Connecteurs et contre-exemples;haute;correspondance directe
e5205176-140d-4376-9761-8172ca8bf10a;Condition nécessaire, condition suffisante;Logique > Logique et raisonnement > Implication et équivalence;1_SPE;Logique > Implication et équivalence;haute;correspondance directe
5426cead-c0c2-48d3-a10b-2e46714f9129;Implication, réciproque, contraposée;Logique > Logique et raisonnement > Implication et équivalence;1_SPE;Logique > Implication et équivalence;haute;correspondance directe
536c01bb-8401-4f53-b8ca-faf9bf4c243d;Identité, équation, statut des lettres;Logique > Logique et raisonnement > Quantificateurs et négation;1_SPE;Logique > Quantificateurs et négation;haute;correspondance directe
0ab3faa5-a660-4841-9a5f-6563458d2489;Nier une proposition;Logique > Logique et raisonnement > Quantificateurs et négation;1_SPE;Logique > Quantificateurs et négation;haute;correspondance directe
93f9ecdf-9166-486d-8fca-42e380a664f2;Reconnaître un type de raisonnement;Logique > Logique et raisonnement > Raisonnements;1_SPE;Logique > Raisonnements;haute;correspondance directe
f680361c-58ec-4f63-8e00-2b4399298977;Calculer avec des nombres complexes sous forme algébrique;Nombres complexes > Forme algébrique > Calculs algébriques;T_EXP;Nombres complexes > Forme algébrique > calculs;haute;correspondance directe
466954a9-c86e-4692-856f-96c400b72817;Conjugué d'un nombre complexe et ses propriétés;Nombres complexes > Forme algébrique > Conjugaison;T_EXP;Nombres complexes > Forme algébrique > conjugaison;haute;correspondance directe
2dcb4b3c-e5ad-4b8b-9728-1b4e614bcba1;Inverse et quotient de nombres complexes;Nombres complexes > Forme algébrique > Inverse et quotient;T_EXP;Nombres complexes > Forme algébrique > inverse et quotient;haute;correspondance directe
8b435b9d-ca30-44db-b4ce-1e1bd581387d;Résoudre une équation du premier degré dans ℂ, avec z ou son conjugué;Nombres complexes > Forme algébrique > Équations;T_EXP;Nombres complexes > Forme algébrique > équations;haute;correspondance directe
bbd211a5-536a-4d7a-bc3e-4d578d9caf68;Produit, quotient, puissance et inverse sous forme exponentielle;Nombres complexes > Formes trigonométrique et exponentielle > Calculs sous forme exponentielle;T_EXP;Nombres complexes > Formes trigo. et exponentielle > forme exponentielle;haute;correspondance directe
a3fce9d4-948e-4042-b015-5c11feaee488;Passer de la forme exponentielle ou trigonométrique à la forme algébrique;Nombres complexes > Formes trigonométrique et exponentielle > Forme algébrique;T_EXP;Nombres complexes > Formes trigo. et exponentielle;haute;relance 2026-10-07 : cible confirmée sur l'arbre 2026-10-07.12
b125d1dd-4cac-407d-a0a5-7485741de66f;Passer de la forme algébrique à la forme exponentielle;Nombres complexes > Formes trigonométrique et exponentielle > Forme exponentielle;T_EXP;Nombres complexes > Formes trigo. et exponentielle > forme exponentielle;haute;correspondance directe
18ff6a91-3e94-4391-81a8-037af4ce1470;Calculer une puissance avec la formule de Moivre;Nombres complexes > Formes trigonométrique et exponentielle > Formule de Moivre;T_EXP;Nombres complexes > Formes trigo. et exponentielle > formule de Moivre;haute;correspondance directe
45d1cdd6-9c17-4b83-be67-067df8c3f816;Formules d'Euler et de Moivre, formules d'addition et de duplication;Nombres complexes > Formes trigonométrique et exponentielle > Formules d'Euler et de Moivre;T_EXP;Nombres complexes > Formes trigo. et exponentielle > formules d'Euler;haute;Euler et Moivre (Euler en premier)
7690e290-8eaa-4729-9d34-6fd58107e294;Affixe d'un vecteur, distance, milieu, parallélogramme;Nombres complexes > Géométrie et nombres complexes > Affixes et distances;T_EXP;Nombres complexes > Interprétation géométrique > affixes et distances;haute;correspondance directe
d400a330-ede5-4167-ab2a-1919eeed2468;Alignement ou orthogonalité par un quotient de nombres complexes;Nombres complexes > Géométrie et nombres complexes > Alignement et orthogonalité;T_EXP;Nombres complexes > Interprétation géométrique > alignement et orthogonalité;haute;correspondance directe
7ff99f85-b7a4-4d4a-a346-46f8593bd7ca;Angle et rapport de longueurs par le quotient (z_C − z_A)/(z_B − z_A);Nombres complexes > Géométrie et nombres complexes > Angles et quotient;T_EXP;Nombres complexes > Interprétation géométrique > angles et quotient;haute;correspondance directe
f2133048-6672-4519-ba1c-133c3f59cea0;Ensembles de points et images de z̄, iz dans le plan complexe;Nombres complexes > Géométrie et nombres complexes > Ensembles de points;T_EXP;Nombres complexes > Interprétation géométrique > ensembles de points;haute;correspondance directe
2bf66851-c1e0-4531-b2eb-153803a573bf;Racines n-ièmes de l'unité et polygones réguliers;Nombres complexes > Géométrie et nombres complexes > Racines de l'unité;T_EXP;Nombres complexes > Interprétation géométrique > racines de l'unité;haute;correspondance directe
622c0802-8474-416c-b145-44a8f13a33dc;Module et argument principal d'un nombre complexe;Nombres complexes > Module et argument > Argument;T_EXP;Nombres complexes > Module et argument > argument;haute;correspondance directe
50b81c94-8062-4b37-985c-07291de9466a;Module d'un nombre complexe;Nombres complexes > Module et argument > Module;T_EXP;Nombres complexes > Module et argument > module;haute;correspondance directe
acd9104c-e29e-4df6-89cc-3d549a21b3fb;Factoriser un polynôme dont une racine est connue, équation de degré 3;Nombres complexes > Équations polynomiales > Degré 3 et factorisation;T_EXP;Nombres complexes > Équations polynomiales > degré 3 et factorisation;haute;correspondance directe
6ff00846-f06d-49f3-b6cb-336821ea8649;Nombre de racines d'un polynôme, racines conjuguées;Nombres complexes > Équations polynomiales > Racines d'un polynôme;T_EXP;Nombres complexes > Équations polynomiales > racines d'un polynôme;haute;correspondance directe
293f8225-0268-48bc-8487-52c6bf5b01e3;Racines d'un polynôme : compter les solutions, compléter par conjugaison;Nombres complexes > Équations polynomiales > Racines d'un polynôme;T_EXP;Nombres complexes > Équations polynomiales > racines d'un polynôme;haute;correspondance directe
760093ec-400a-4774-beb7-ca9d2cb389fb;Résoudre une équation du second degré à coefficients réels (Δ < 0);Nombres complexes > Équations polynomiales > Second degré;T_EXP;Nombres complexes > Équations polynomiales > second degré;haute;correspondance directe
e332140f-28aa-4069-bbc2-88ee18c81ea0;Coefficient d'une primitive de la forme (v′∘u)×u′;Primitives et équations différentielles > Primitives > Forme (v′∘u)×u′;T_SPE;Équations différentielles > y′ = f > forme (v′∘u)×u′;haute;correspondance directe
f01270c2-3c63-45c5-bfbb-8233154fadc6;Coefficient d'une primitive de la forme u′eᵘ, 2uu′ ou u′/u;Primitives et équations différentielles > Primitives > Formes u′eᵘ, 2uu′, u′/u;T_SPE,T_COMP;Équations différentielles > y′ = f > formes u′eᵘ, 2uu′, u′/u;haute;correspondance directe
2d480f3d-2092-4f25-91b5-b92887f7b71b;Primitive de u′eᵘ, 2uu′ ou u′/u vérifiant une condition;Primitives et équations différentielles > Primitives > Formes u′eᵘ, 2uu′, u′/u;T_SPE,T_COMP;Équations différentielles > y′ = f > formes u′eᵘ, 2uu′, u′/u;haute;correspondance directe
3dbc5a7b-ceea-4ab9-8922-b77ee206f329;Deux primitives d'une même fonction diffèrent d'une constante;Primitives et équations différentielles > Primitives > Notion de primitive;T_SPE,T_COMP;Équations différentielles > y′ = f > primitives : notion;haute;correspondance directe
23402520-cbc3-4d49-b6dc-999e1ff17e3c;Primitive de sinus et cosinus vérifiant une condition;Primitives et équations différentielles > Primitives > Primitives de sinus et cosinus;T_SPE;Équations différentielles > y′ = f > sinus et cosinus;haute;correspondance directe
fe25be0a-db90-4052-8f4e-fffcafd763e8;Primitive d'un polynôme vérifiant une condition;Primitives et équations différentielles > Primitives > Primitives des fonctions de référence;T_SPE,T_COMP;Équations différentielles > y′ = f > primitives des fonctions de référence;haute;correspondance directe
d0930e8c-a11b-489e-a931-0a8679cef3c6;Primitive de 1/x, eˣ, 1/x² ou 1/√x vérifiant une condition;Primitives et équations différentielles > Primitives > Primitives des fonctions de référence;T_SPE,T_COMP;Équations différentielles > y′ = f > primitives des fonctions de référence;haute;correspondance directe
624bf511-0830-4aa7-91cc-1d016a94df2b;Allure des solutions de y′ = ay + b;Primitives et équations différentielles > Équations différentielles > Allure des courbes;T_SPE,T_COMP;Équations différentielles > Généralités > allure des courbes;haute;correspondance directe
efb12f4b-8f51-4e22-b6a3-2a5d977583b5;Reconnaître une solution d'une équation différentielle;Primitives et équations différentielles > Équations différentielles > Notion de solution;T_SPE,T_COMP;Équations différentielles > Généralités > notion de solution;haute;correspondance directe
968f4295-08a9-44a4-8327-9087de7efd85;Solution de y′ = ay vérifiant une condition initiale;Primitives et équations différentielles > Équations différentielles > Équation y′ = ay;T_SPE,T_COMP;Équations différentielles > y′ = ay > condition initiale;haute;titre : condition initiale
32bb4b83-1323-435e-b21d-4dd722321dd7;Solution constante de y′ = ay + b;Primitives et équations différentielles > Équations différentielles > Équation y′ = ay + b;T_SPE,T_COMP;Équations différentielles > y′ = ay + b > solution générale;haute;relance 2026-10-07 : cible confirmée sur l'arbre 2026-10-07.12
2a1413ff-de6d-4380-912f-e8fbd977a8c9;Solution de y′ = ay + b vérifiant une condition initiale;Primitives et équations différentielles > Équations différentielles > Équation y′ = ay + b;T_SPE,T_COMP;Équations différentielles > y′ = ay + b > condition initiale;haute;titre : condition initiale
e02fb162-ca4e-417c-ae37-e39a3798f16c;Solution de y′ = ay + f à partir d'une solution particulière;Primitives et équations différentielles > Équations différentielles > Équation y′ = ay + f;T_SPE;Équations différentielles > y′ = ay + f > solution particulière donnée;haute;titre
4290259a-df97-4cd9-a932-a1c22dbf12e7;Fréquence;Probabilités > Apprivoiser > Fréquences;6;Probabilités > Expériences aléatoires > fréquences;haute;note de l'arbre : reprend Probabilités > Apprivoiser
101cd4bd-b042-44cc-8065-d27bed53454b;Probabilité simple;Probabilités > Apprivoiser > Probabilité simple;6;Probabilités > Expériences aléatoires > probabilité simple;haute;note de l'arbre : reprend Probabilités > Apprivoiser
0943e867-e639-45f5-939d-df7492d0ecaf;Inégalité de Bienaymé-Tchebychev;Probabilités > Concentration et loi des grands nombres > Inégalité de Bienaymé-Tchebychev;T_SPE;Probabilités > Sommes et concentration > Bienaymé-Tchebychev;haute;correspondance directe
91db0034-86d4-49bf-b190-0884db19e9b7;Inégalité de concentration : majorant et taille d'échantillon;Probabilités > Concentration et loi des grands nombres > Inégalité de concentration;T_SPE;Probabilités > Sommes et concentration > inégalité de concentration;haute;correspondance directe
a69dfde7-44b7-489e-a248-be0a1e5c5117;Python : générer les paires, les triplets, les parties;Probabilités > Dénombrement > Algorithmique;T_SPE;Dénombrement > Problèmes de dénombrement > algorithmique;haute;correspondance directe
0965c56c-7808-4698-8c1f-8124d3a6505d;k-uplets d'éléments distincts : codes, bureaux, places, anagrammes;Probabilités > Dénombrement > Arrangements et permutations;T_SPE;Dénombrement > Arrangements et permutations > arrangements;haute;k-uplets d'éléments distincts
7d9d9b81-e11f-4572-8221-21e95107112d;Factorielle, arrangements et formule des coefficients binomiaux;Probabilités > Dénombrement > Coefficients binomiaux;T_SPE;Dénombrement > Combinaisons > coefficients binomiaux;haute;correspondance directe
0bde6091-c122-46c0-94d5-a97cdde28d9d;Chemins sur un quadrillage et mots à deux lettres;Probabilités > Dénombrement > Combinaisons;T_SPE;Dénombrement > Combinaisons > combinaisons;haute;correspondance directe
8a6e41cc-264c-40df-b0b7-8a47e779d40d;Combinaisons avec répétitions : glaces, bonbons, solutions entières;Probabilités > Dénombrement > Combinaisons;T_SPE;Dénombrement > Combinaisons > combinaisons;haute;correspondance directe
3aca54e9-28c7-4ea4-930b-30be6979549b;Combinaisons en situation : délégués, mains de cartes, loto, poignées de main;Probabilités > Dénombrement > Combinaisons;T_SPE;Dénombrement > Combinaisons > combinaisons;haute;correspondance directe
4a1deda8-d1a1-4222-8763-453750dc8412;« Au moins un » : compter par le complémentaire;Probabilités > Dénombrement > Dénombrer avec des contraintes;T_SPE;Dénombrement > Problèmes de dénombrement > dénombrer avec contraintes;haute;correspondance directe
0feeabaf-e90d-45a1-b5f1-997b3da067a7;« Exactement » : produit de combinaisons;Probabilités > Dénombrement > Dénombrer avec des contraintes;T_SPE;Dénombrement > Problèmes de dénombrement > dénombrer avec contraintes;haute;correspondance directe
dfb727cd-c55b-439c-8738-0e20484369c5;Nombre de parties d'un ensemble : 2 puissance n;Probabilités > Dénombrement > Parties d'un ensemble;T_SPE;Dénombrement > Principes de dénombrement > parties d'un ensemble;haute;correspondance directe
2bae040c-347b-401f-a646-6cd2914b3399;Somme des coefficients binomiaux : 2 puissance n;Probabilités > Dénombrement > Parties d'un ensemble;T_SPE;Dénombrement > Principes de dénombrement > parties d'un ensemble;haute;correspondance directe
89d49fae-5f08-439d-a531-a0b1966dab99;Principe additif : « ou », sans compter deux fois;Probabilités > Dénombrement > Principes additif et multiplicatif;T_SPE;Dénombrement > Principes de dénombrement > principes additif et multiplicatif;haute;correspondance directe
ed01a843-e3ff-4383-8933-fe7593000693;Principe multiplicatif : produit cartésien, menus, identifiants;Probabilités > Dénombrement > Principes additif et multiplicatif;T_SPE;Dénombrement > Principes de dénombrement > principes additif et multiplicatif;haute;correspondance directe
f796ffc0-d9cc-496b-97a8-9e10f07e6fc8;Quel modèle ? k-uplet, k-uplet d'éléments distincts ou combinaison;Probabilités > Dénombrement > Reconnaître le modèle;T_SPE;Dénombrement > Problèmes de dénombrement > reconnaître le modèle;haute;correspondance directe
b500b44e-af29-4a2e-a2bd-67a57ed5ab20;Tirages dans une urne : avec remise, sans remise, simultanés;Probabilités > Dénombrement > Reconnaître le modèle;T_SPE;Dénombrement > Problèmes de dénombrement > reconnaître le modèle;haute;correspondance directe
67b349ab-02c1-4e06-9026-b31d918acd46;k-uplets (avec répétition) : n puissance k;Probabilités > Dénombrement > k-uplets;T_SPE;Dénombrement > Principes de dénombrement > k-uplets;haute;correspondance directe
a95a9c0d-0d5d-4a5a-ab50-294e12bb7f47;Loi binomiale : P(X = k), P(X = 0), P(X ⩾ 1) à la main (n ⩽ 5);Probabilités > Loi binomiale > Calcul de probabilités;T_SPE,T_COMP;Probabilités > Loi binomiale > calcul de probabilités;haute;correspondance directe
6c80b4ec-541d-47dc-a652-13b51f9b8b9b;Loi binomiale : utiliser une table de P(X ⩽ k);Probabilités > Loi binomiale > Calcul de probabilités;T_SPE,T_COMP;Probabilités > Loi binomiale > calcul de probabilités;haute;correspondance directe
ef3c495c-632b-40ec-840d-fbbf7bfc879a;Coefficients binomiaux : chemins, symétrie, triangle de Pascal;Probabilités > Loi binomiale > Coefficients binomiaux;T_SPE,T_COMP;Probabilités > Loi binomiale > coefficients binomiaux;haute;correspondance directe
dbee4649-3ab6-49f0-8a5e-5814ce15ba43;Loi binomiale et loi de Bernoulli : espérance, variance, écart type;Probabilités > Loi binomiale > Espérance et variance;T_SPE,T_COMP;Probabilités > Loi binomiale > espérance et variance;haute;correspondance directe
30b597c3-a350-4027-8c6f-b6678ab0868f;Bernoulli, binomiale ou géométrique : identifier la loi;Probabilités > Loi binomiale > Reconnaître une loi;T_SPE,T_COMP;Probabilités > Loi binomiale > reconnaître une loi;haute;correspondance directe
4ff9d049-afd9-4fd2-be40-f8e242923af4;Loi binomiale : identifier les paramètres n et p;Probabilités > Loi binomiale > Schéma de Bernoulli;T_SPE,T_COMP;Probabilités > Loi binomiale > schéma de Bernoulli;haute;correspondance directe
13e2d419-770b-4e97-a2f8-972d467cf2fc;Loi géométrique : P(X = k), P(X ⩽ k), espérance, absence de mémoire;Probabilités > Loi géométrique > Calcul de probabilités;T_SPE,T_COMP;Probabilités > Autres lois > loi géométrique;haute;correspondance directe
3cb90b97-2ec4-4050-973e-4b194aa65fb3;Loi uniforme sur {1, …, n} : probabilités et espérance;Probabilités > Lois discrètes > Loi uniforme;T_COMP;Probabilités > Autres lois > loi uniforme discrète;haute;correspondance directe
3cfcc718-445a-42f5-8d5e-fe4d8339f4bf;Loi à densité : probabilité = aire sous la courbe, constante de normalisation;Probabilités > Lois à densité > Densité et aire;T_COMP;Probabilités > Autres lois > densité et aire;haute;correspondance directe
df88eea9-eb08-427a-9d19-6037a481ad40;Espérance d'une loi à densité par une intégrale;Probabilités > Lois à densité > Espérance;T_COMP;Probabilités > Autres lois > espérance et variance;haute;correspondance directe
c6b5894c-c753-4dc4-b92b-18702b1f1f81;Loi exponentielle : probabilités, espérance, absence de mémoire;Probabilités > Lois à densité > Loi exponentielle;T_COMP;Probabilités > Autres lois > loi exponentielle;haute;correspondance directe
89e16891-1301-4b1c-af75-a8f03ba0dcdb;"Loi uniforme sur [a ; b] : probabilités et espérance";Probabilités > Lois à densité > Loi uniforme;T_COMP;Probabilités > Autres lois > loi uniforme continue;haute;correspondance directe
9d7c4d98-c7fe-4c2e-8993-d162294e1dde;Compléter une branche d'un arbre pondéré;Probabilités > Probabilités conditionnelles > Arbres pondérés;2;Probabilités > Probabilités conditionnelles > arbres pondérés;haute;correspondance directe
6dd2f133-e203-4cf6-a422-6a0e716203f3;Construire un arbre pondéré à partir d'un énoncé;Probabilités > Probabilités conditionnelles > Arbres pondérés;1_SPE;Probabilités > Probabilités conditionnelles > arbres pondérés;haute;correspondance directe
5ba712bc-fda7-4d3c-80ee-b2aa8de6cc4f;Formule des probabilités totales;Probabilités > Probabilités conditionnelles > Arbres pondérés;1_SPE;Probabilités > Probabilités conditionnelles > arbres pondérés;haute;correspondance directe
1cfc575d-e122-406d-9b4e-60556d3260a5;Probabilité d'un chemin dans un arbre pondéré;Probabilités > Probabilités conditionnelles > Arbres pondérés;2;Probabilités > Probabilités conditionnelles > arbres pondérés;haute;correspondance directe
69a05f98-9dd9-4ce5-b23e-5376e85fbbaf;Probabilité « inverse » à partir d'un arbre;Probabilités > Probabilités conditionnelles > Arbres pondérés;1_SPE;Probabilités > Probabilités conditionnelles > arbres pondérés;haute;correspondance directe
d5780995-4cd1-49f9-af54-45edca0a27b8;Deux épreuves indépendantes : « au moins une fois »;Probabilités > Probabilités conditionnelles > Indépendance;1_SPE;Probabilités > Probabilités conditionnelles > indépendance;haute;correspondance directe
36010981-8f6b-4b95-bc86-4fcbf87be4ac;Probabilité d'une réunion d'événements indépendants;Probabilités > Probabilités conditionnelles > Indépendance;1_SPE;Probabilités > Probabilités conditionnelles > indépendance;haute;correspondance directe
ebe7e788-3fdc-4d48-8429-ecc959f35349;Tester l'indépendance de deux événements;Probabilités > Probabilités conditionnelles > Indépendance;1_SPE;Probabilités > Probabilités conditionnelles > indépendance;haute;correspondance directe
2c116f4d-d7ef-4d8c-8114-9f113a983c4c;Contrôle qualité : d'où vient la pièce défectueuse ?;Probabilités > Probabilités conditionnelles > Problèmes en contexte;1_SPE;Probabilités > Probabilités conditionnelles > problèmes en contexte;haute;correspondance directe
77d6fedc-1643-4451-a685-2451dc1616cb;Parmi les… : modéliser un tableau croisé ou un sondage;Probabilités > Probabilités conditionnelles > Problèmes en contexte;2;Probabilités > Probabilités conditionnelles > problèmes en contexte;haute;correspondance directe
a9c71276-30e3-406f-8082-248cce389824;Test de dépistage;Probabilités > Probabilités conditionnelles > Problèmes en contexte;1_SPE;Probabilités > Probabilités conditionnelles > problèmes en contexte;haute;correspondance directe
cf548ea1-2333-42f8-8d6c-e5af54f2b492;Tableau croisé : intersection et probabilité d'un événement;Probabilités > Probabilités conditionnelles > Tableaux croisés;2;Probabilités > Probabilités conditionnelles > tableaux croisés;haute;correspondance directe
f3e68e4b-9855-4e91-bc0d-7363b7650b86;Tableau croisé : probabilité de A sachant B;Probabilités > Probabilités conditionnelles > Tableaux croisés;2;Probabilités > Probabilités conditionnelles > tableaux croisés;haute;correspondance directe
4016b05c-f6cf-4fe1-a1e8-19067a57a931;Tableau croisé : probabilités conditionnelles sachant A;Probabilités > Probabilités conditionnelles > Tableaux croisés;2;Probabilités > Probabilités conditionnelles > tableaux croisés;haute;correspondance directe
71cb8ab7-664a-45f6-83b0-6b0739ebb5a1;Somme de variables aléatoires : espérance et variance;Probabilités > Sommes de variables aléatoires > Espérance et variance;T_SPE;Probabilités > Sommes et concentration > espérance et variance d'une somme;haute;correspondance directe
aced2e6c-0f00-49ac-bcde-821d2bc91e9b;Échantillon de taille n : espérance et variance de Sₙ et Mₙ;Probabilités > Sommes de variables aléatoires > Échantillons;T_SPE;Probabilités > Sommes et concentration > échantillons;haute;correspondance directe
f3addbe3-7254-483f-a640-0ea75e23dc69;Compléter une loi : deux probabilités manquantes liées;Probabilités > Variables aléatoires > Compléter une loi;1_SPE;Probabilités > Variables aléatoires > compléter une loi;haute;correspondance directe
7e9b9b32-0d7a-4bd9-89f3-af0dd3a95431;Compléter une loi : trouver le paramètre p;Probabilités > Variables aléatoires > Compléter une loi;1_SPE;Probabilités > Variables aléatoires > compléter une loi;haute;correspondance directe
b83f1392-a1b1-4c2d-8f04-599b92dbe6c0;Compléter une loi : une probabilité manquante;Probabilités > Variables aléatoires > Compléter une loi;1_SPE;Probabilités > Variables aléatoires > compléter une loi;haute;correspondance directe
6fbc355c-aca7-4e2e-8a55-78b3a5722e17;Espérance à partir d'un énoncé;Probabilités > Variables aléatoires > Espérance;1_SPE;Probabilités > Variables aléatoires > espérance;haute;correspondance directe
8354a0e7-f707-48e0-ac3d-f43cc5b2e2fa;Espérance à partir de la loi;Probabilités > Variables aléatoires > Espérance;1_SPE;Probabilités > Variables aléatoires > espérance;haute;correspondance directe
a3f92832-2daf-4f00-94b5-68b57275e93a;Interpréter une espérance;Probabilités > Variables aléatoires > Espérance;1_SPE;Probabilités > Variables aléatoires > espérance;haute;correspondance directe
0417223e-923d-4ae2-b25c-89b60f4c7631;Linéarité de l'espérance;Probabilités > Variables aléatoires > Espérance;1_SPE;Probabilités > Variables aléatoires > espérance;haute;correspondance directe
eafd17a1-6e78-4bf3-932c-da806ac9d889;Gain algébrique moyen;Probabilités > Variables aléatoires > Jeux et gains;1_SPE;Probabilités > Variables aléatoires > jeux et gains;haute;correspondance directe
0718f490-bfdd-4a62-b78f-b15753c27d8a;Jeu favorable, équitable ou défavorable;Probabilités > Variables aléatoires > Jeux et gains;1_SPE;Probabilités > Variables aléatoires > jeux et gains;haute;correspondance directe
ad555cb1-c4a2-4390-ad14-6a626b39e0fb;Mise rendant un jeu équitable;Probabilités > Variables aléatoires > Jeux et gains;1_SPE;Probabilités > Variables aléatoires > jeux et gains;haute;correspondance directe
448894f3-f0e8-459d-91db-fc81433038c2;Lire une probabilité dans le tableau de la loi;Probabilités > Variables aléatoires > Loi d'une variable aléatoire;1_SPE;Probabilités > Variables aléatoires > loi d'une variable aléatoire;haute;correspondance directe
570f91d5-75e6-4af8-b22b-67fae6c4bde1;Probabilité d'un événement du type X ≥ a, X < a ou a ≤ X ≤ b;Probabilités > Variables aléatoires > Loi d'une variable aléatoire;1_SPE;Probabilités > Variables aléatoires > loi d'une variable aléatoire;haute;correspondance directe
97b3a376-01de-42cd-8297-b0f7937e38f1;Probabilité d'une valeur de X à partir d'un énoncé;Probabilités > Variables aléatoires > Loi d'une variable aléatoire;1_SPE;Probabilités > Variables aléatoires > loi d'une variable aléatoire;haute;correspondance directe
d683e906-b1ca-44f0-bed5-8df2a9740b11;Probabilités de la loi de X à partir d'un arbre pondéré;Probabilités > Variables aléatoires > Loi d'une variable aléatoire;1_SPE;Probabilités > Variables aléatoires > loi d'une variable aléatoire;haute;correspondance directe
2af6296f-7863-40db-89de-eda542be5e45;Variance à partir de la loi;Probabilités > Variables aléatoires > Variance et écart-type;1_SPE;Probabilités > Variables aléatoires > variance et écart-type;haute;correspondance directe
35ad8891-e0bc-4666-a7e1-8cf917927f9f;Écart-type : valeur arrondie;Probabilités > Variables aléatoires > Variance et écart-type;1_SPE;Probabilités > Variables aléatoires > variance et écart-type;haute;correspondance directe
bad86bec-f4e9-4b2d-b238-7a7339e3f77f;Écart-type : valeur exacte;Probabilités > Variables aléatoires > Variance et écart-type;1_SPE;Probabilités > Variables aléatoires > variance et écart-type;haute;correspondance directe
24a8e2b1-446f-4df9-84f6-eba54599c035;Trouver l'échelle d'une carte;Proportionnalité > Echelle d'une carte > Trouver l'échelle;6;Proportionnalité > Échelle d'une carte > trouver l'échelle;haute;correspondance directe
c1a54695-3914-4990-85cd-fc6ede9c6a35;Trouver l'échelle d'une carte;Proportionnalité > Echelle d'une carte > Trouver l'échelle;6;Proportionnalité > Échelle d'une carte > trouver l'échelle;haute;correspondance directe
52bf3fb9-a815-4a94-9425-f524278fbbc1;Calculer la longueur réelle;Proportionnalité > Echelle d'une carte > Utiliser l'échelle;6;Proportionnalité > Échelle d'une carte > utiliser l'échelle;haute;correspondance directe
5e4e5e9d-68df-43b4-ac6f-08c4ffd37325;Calculer la longueur sur une carte;Proportionnalité > Echelle d'une carte > Utiliser l'échelle;6;Proportionnalité > Échelle d'une carte > utiliser l'échelle;haute;correspondance directe
fc34853f-1de7-4c8a-96cb-57132357206f;Calculer le pourcentage d'une quantité;Proportionnalité > Pourcentages > Calculer;6;Proportionnalité > Pourcentages > calculer;haute;correspondance directe
0e4284e3-1275-4758-aeba-5194a6b406ba;Calculer le pourcentage d'une quantité;Proportionnalité > Pourcentages > Calculer;6;Proportionnalité > Pourcentages > calculer;haute;correspondance directe
75b46e1c-a819-40c0-9774-69b64ec45719;Calculer le pourcentage d'une quantité;Proportionnalité > Pourcentages > Calculer;6;Proportionnalité > Pourcentages > calculer;haute;correspondance directe
625ef069-3001-497b-b373-fd32df017044;Calculer le pourcentage d'une quantité;Proportionnalité > Pourcentages > Calculer;6;Proportionnalité > Pourcentages > calculer;haute;correspondance directe
ab9fa42c-a753-43df-a691-f8e037ad140c;Calculer le pourcentage d'une quantité;Proportionnalité > Pourcentages > Calculer;6;Proportionnalité > Pourcentages > calculer;haute;correspondance directe
892540a1-af39-4f66-b9b0-3d6d930f5d48;Calculer le pourcentage d'une quantité;Proportionnalité > Pourcentages > Calculer;6;Proportionnalité > Pourcentages > calculer;haute;correspondance directe
8fd459da-05ef-4053-a52e-5bd2f2ac1a44;Définition d'un pourcentage;Proportionnalité > Pourcentages > Définition;6;Proportionnalité > Pourcentages > définition;haute;correspondance directe
5d7726eb-edd4-4ae0-891a-3069d4694d06;Définition d'un pourcentage;Proportionnalité > Pourcentages > Définition;6;Proportionnalité > Pourcentages > définition;haute;correspondance directe
62590cd3-c811-4acc-9b0d-0ff9e19c4c55;Définition d'un pourcentage;Proportionnalité > Pourcentages > Définition;6;Proportionnalité > Pourcentages > définition;haute;correspondance directe
c4372fd8-eb9d-4d62-a01a-7ab7618eed4b;Appliquer une évolution en pourcentage;Proportionnalité > Pourcentages > Variations;2;Proportionnalité > Évolutions > variations en pourcentage;haute;évolutions (2de/1re)
290dcf6f-02ee-4c2b-a38f-fa4e860e601c;Augmentation;Proportionnalité > Pourcentages > Variations;6;Proportionnalité > Pourcentages > calculer;haute;relance 2026-10-07 : cible confirmée sur l'arbre 2026-10-07.12
8b59ca4b-9a09-49df-a10c-4f3772176d46;Coefficient multiplicateur d'une évolution répétée;Proportionnalité > Pourcentages > Variations;1_SPE;Proportionnalité > Évolutions > variations en pourcentage;haute;évolutions (2de/1re)
36abc642-aa7a-44a2-8597-4246fc62069c;Composer deux évolutions successives;Proportionnalité > Pourcentages > Variations;2;Proportionnalité > Évolutions > variations en pourcentage;haute;évolutions (2de/1re)
24f7a007-bb6a-42a4-b1b0-de257308b375;Diminution;Proportionnalité > Pourcentages > Variations;6;Proportionnalité > Pourcentages > calculer;haute;relance 2026-10-07 : cible confirmée sur l'arbre 2026-10-07.12
1c443c35-ef93-4dc5-8635-b7ddcea32b77;Retrouver la valeur initiale avant une évolution;Proportionnalité > Pourcentages > Variations;2;Proportionnalité > Évolutions > variations en pourcentage;haute;évolutions (2de/1re)
e12e58cb-1630-4bfe-bb43-5726c325a918;Trouver le coefficient multiplicateur;Proportionnalité > Pourcentages > Variations;2;Proportionnalité > Évolutions > variations en pourcentage;haute;évolutions (2de/1re)
d98aa53a-2a3f-4c2f-b702-9abbc5065e6a;Trouver le coefficient multiplicateur;Proportionnalité > Pourcentages > Variations;2;Proportionnalité > Évolutions > variations en pourcentage;haute;évolutions (2de/1re)
2562438e-4ad7-4c95-b9a4-0b3534ceaed0;Trouver le pourcentage d'augmentation;Proportionnalité > Pourcentages > Variations;2;Proportionnalité > Évolutions > variations en pourcentage;haute;évolutions (2de/1re)
e05bb79b-f304-4bab-a856-ee73b5a20e6a;Trouver le pourcentage de diminution;Proportionnalité > Pourcentages > Variations;2;Proportionnalité > Évolutions > variations en pourcentage;haute;évolutions (2de/1re)
bbd511cb-73fe-4b91-9b50-06d001f5b666;Trouver le taux d'évolution réciproque;Proportionnalité > Pourcentages > Variations;2;Proportionnalité > Évolutions > variations en pourcentage;haute;évolutions (2de/1re)
e0ccaf84-14b4-4422-8dc0-f5da48c87c42;Résoudre un petit exercice de proportionnalité;Proportionnalité > Tableaux de proportionnalité > Appliquer;6;Proportionnalité > Situations de proportionnalité > appliquer;haute;note : reprend Tableaux de proportionnalité
44a3062b-4e55-44e8-b40d-ac7218b58cb7;Calculer une quatrième proportionnelle;Proportionnalité > Tableaux de proportionnalité > Calculer une quatrième proportionnelle;6;Proportionnalité > Situations de proportionnalité > quatrième proportionnelle;haute;note : reprend Tableaux de proportionnalité
447b5613-d046-4ff0-aaad-334645fd35ce;Calculer une quatrième proportionnelle;Proportionnalité > Tableaux de proportionnalité > Calculer une quatrième proportionnelle;6;Proportionnalité > Situations de proportionnalité > quatrième proportionnelle;haute;note : reprend Tableaux de proportionnalité
4b080eed-cd49-4e7a-a017-532153d25e66;Calculer une quatrième proportionnelle;Proportionnalité > Tableaux de proportionnalité > Calculer une quatrième proportionnelle;6;Proportionnalité > Situations de proportionnalité > quatrième proportionnelle;haute;note : reprend Tableaux de proportionnalité
ae7a332e-c69a-4f4a-aa32-cb38c6b1ef42;Déterminer le coefficient de proportionnalité;Proportionnalité > Tableaux de proportionnalité > Reconnaître;6;Proportionnalité > Situations de proportionnalité > reconnaître;haute;note : reprend Tableaux de proportionnalité
8a3191ce-0c5a-488e-ad3f-d59d97cd6245;Déterminer le coefficient de proportionnalité;Proportionnalité > Tableaux de proportionnalité > Reconnaître;6;Proportionnalité > Situations de proportionnalité > reconnaître;haute;note : reprend Tableaux de proportionnalité
496ac62e-9ff1-44e5-b85d-0a16752cfcda;Reconnaître si un tableau est un tableau de proportionnalité;Proportionnalité > Tableaux de proportionnalité > Reconnaître;6;Proportionnalité > Situations de proportionnalité > reconnaître;haute;note : reprend Tableaux de proportionnalité
d01e97d6-e65b-4526-8444-493bc46bc860;Reconnaître si un tableau est un tableau de proportionnalité;Proportionnalité > Tableaux de proportionnalité > Reconnaître;6;Proportionnalité > Situations de proportionnalité > reconnaître;haute;note : reprend Tableaux de proportionnalité
15368b02-73cc-4f0d-b978-fa0d0848eb03;Définition d'une puissance à exposant négatif;Puissances > Apprivoiser > Définition;4;Nombres et calculs > Puissances : sens et écritures > définition;haute;Apprivoiser → sens et écritures
d9f2003b-d028-4bcb-b5ab-2fe93933c5b4;Traduire un produit en puissance;Puissances > Apprivoiser > Définition;4;Nombres et calculs > Puissances : sens et écritures > définition;haute;Apprivoiser → sens et écritures
3fe98dd9-7545-4287-8301-7d87e8c1976f;Traduire une puissance en produit;Puissances > Apprivoiser > Définition;4;Nombres et calculs > Puissances : sens et écritures > définition;haute;Apprivoiser → sens et écritures
953574d4-e345-4a5d-9435-7faecc3ff7ac;Écrire un nombre décimal à l'aide de la notation scientifique;Puissances > Apprivoiser > Notation scientifique;4;Nombres et calculs > Puissances : sens et écritures > notation scientifique;haute;Apprivoiser → sens et écritures
9f380957-48db-4b31-9f28-61fc4bfb5420;Écrire un nombre écrit avec une puissance de $10$ à l'aide de la notation scientifique;Puissances > Apprivoiser > Notation scientifique;4;Nombres et calculs > Puissances : sens et écritures > notation scientifique;haute;Apprivoiser → sens et écritures
2d8e7948-bec8-4520-8d3d-4d6ac6d3d34c;Puissances de 10;Puissances > Apprivoiser > Puissances de 10;4;Nombres et calculs > Puissances : sens et écritures > puissances de 10;haute;Apprivoiser → sens et écritures
ae8ad17a-39ad-486b-aea5-6d1a61f2a885;Écrire un nombre entier à l'aide d'une puissance de $10$;Puissances > Apprivoiser > Puissances de 10;4;Nombres et calculs > Puissances : sens et écritures > puissances de 10;haute;Apprivoiser → sens et écritures
ac0e5b62-b6bc-4a82-85c4-d1b25a9d4d69;Écrire un nombre entier à l'aide d'une puissance de $10$;Puissances > Apprivoiser > Puissances de 10;4;Nombres et calculs > Puissances : sens et écritures > puissances de 10;haute;Apprivoiser → sens et écritures
8b213d74-4ffa-4a6e-88c4-cb6bf3bed88a;Diviser $2$ puissances d'un même nombre.;Puissances > Calculer > Diviser;3;Nombres et calculs > Puissances : calculs > diviser;haute;correspondance directe
18761148-ca6b-4c7f-ae72-506819de30bb;Diviser $2$ puissances d'un même nombre.;Puissances > Calculer > Diviser;3;Nombres et calculs > Puissances : calculs > diviser;haute;correspondance directe
1db08bdc-e262-464c-9a51-b77b281e0510;Diviser $2$ puissances de $10$.;Puissances > Calculer > Diviser;4;Nombres et calculs > Puissances : calculs > diviser;haute;correspondance directe
743c0809-885f-4536-bad4-267cffbb1ae7;Diviser $2$ puissances de $10$.;Puissances > Calculer > Diviser;4;Nombres et calculs > Puissances : calculs > diviser;haute;correspondance directe
8ac99be4-a6be-4c89-90c8-c7d8974313f4;Multiplier et diviser des puissances de $10$.;Puissances > Calculer > Mixer tout ça;4;Nombres et calculs > Puissances : calculs > mélange;haute;correspondance directe
27d0361f-e935-4443-b631-f69d523928ea;Multiplier $2$ puissances d'un même nombre.;Puissances > Calculer > Multiplier;4;Nombres et calculs > Puissances : calculs > multiplier;haute;correspondance directe
bb9cff7b-f2c7-40ce-af3c-249970ad0a9e;Multiplier $2$ puissances d'un même nombre.;Puissances > Calculer > Multiplier;4;Nombres et calculs > Puissances : calculs > multiplier;haute;correspondance directe
5b627bb7-201f-4482-91e7-58b98604a4f9;Multiplier $2$ puissances de $10$;Puissances > Calculer > Multiplier;4;Nombres et calculs > Puissances : calculs > multiplier;haute;correspondance directe
de2cd6a1-dd65-41d7-a9ed-92da94178572;Multiplier $2$ puissances de $10$.;Puissances > Calculer > Multiplier;4;Nombres et calculs > Puissances : calculs > multiplier;haute;correspondance directe
cf4468c3-0aeb-4d53-b31e-555e5fa678b4;Puissance d'une puissance;Puissances > Calculer > Puissance de puissance;3;Nombres et calculs > Puissances : calculs > puissance de puissance;haute;correspondance directe
a1ae1558-89ca-4a60-8704-8e7e4ebc23ad;Puissance d'une puissance;Puissances > Calculer > Puissance de puissance;4;Nombres et calculs > Puissances : calculs > puissance de puissance;haute;correspondance directe
17f3dfcd-01e4-460f-9b94-40be348c2ed7;Puissance d'une puissance de $10$;Puissances > Calculer > Puissance de puissance;4;Nombres et calculs > Puissances : calculs > puissance de puissance;haute;correspondance directe
2158a2fc-df19-4455-a96a-765b22a797db;Puissance d'une puissance de $10$;Puissances > Calculer > Puissance de puissance;4;Nombres et calculs > Puissances : calculs > puissance de puissance;haute;correspondance directe
ce6c3465-9f48-4a95-a0eb-457e54e9095b;Carré d'une racine;Racines carrées > Apprivoiser > Définition;4;Nombres et calculs > Racines carrées : sens et écritures > définition;haute;Apprivoiser → sens et écritures
ee4e4979-12cf-46c6-b631-ac148b1df005;Existence d'une racine carrée;Racines carrées > Apprivoiser > Définition;4;Nombres et calculs > Racines carrées : sens et écritures > définition;haute;Apprivoiser → sens et écritures
5edc1514-51d0-4905-8982-2205086e9ae8;Trouver un nombre positif de carré donné;Racines carrées > Apprivoiser > Définition;5;Nombres et calculs > Racines carrées : sens et écritures > définition;haute;Apprivoiser → sens et écritures
99f5a54a-6ff7-4d8a-abc3-5a942147e0f0;Trouver une racine carrée;Racines carrées > Apprivoiser > Définition;4;Nombres et calculs > Racines carrées : sens et écritures > définition;haute;Apprivoiser → sens et écritures
8919c37b-b7fb-458c-bda5-54ddad3025d3;Calculer avec des racines;Racines carrées > Manipuler > Calculer;4;Nombres et calculs > Racines carrées : calculs > calculer;haute;correspondance directe
4df558f0-37b9-4093-a3e4-fdc45a05e847;Carré et racine carrée;Racines carrées > Manipuler > Calculer;4;Nombres et calculs > Racines carrées : calculs > calculer;haute;correspondance directe
498d6d3e-f7bc-4146-934e-b35184a99d8d;Vérifier l'égalité de deux expressions comportant des racines carrées;Racines carrées > Manipuler > Egalité;2;Nombres et calculs > Racines carrées : sens et écritures > égalités;haute;correspondance directe
0d2edda7-1d90-46ee-b07d-792ebbd43849;Vrai ou Faux : racines et opérations;Racines carrées > Manipuler > Propriétés;2;Nombres et calculs > Racines carrées : calculs > propriétés;haute;correspondance directe
f57c0a5a-c76f-402d-8c94-49718f112ac2;Réduire une expression avec des racines carrées;Racines carrées > Manipuler > Réduire;2;Nombres et calculs > Racines carrées : sens et écritures > réduire;haute;correspondance directe
b1e27739-f316-47b0-b820-989d5b94af10;Réduire une racine carrée;Racines carrées > Manipuler > Réduire;2;Nombres et calculs > Racines carrées : sens et écritures > réduire;haute;correspondance directe
a7ba721b-0d9d-41e9-bff7-6a2369432e08;Enlever $1$ ou $2$ à un nombre négatif;Relatifs > Additionner et soustraire > Différences;5;Nombres et calculs > Relatifs : calculs > différences;haute;correspondance directe
26cfe6ef-55b4-4284-a431-495e0f18cf30;Enlever un nombre positif à un nombre positif en dépassant $0$;Relatifs > Additionner et soustraire > Différences;5;Nombres et calculs > Relatifs : calculs > différences;haute;correspondance directe
1d41e370-b662-4c43-89c5-519495d8fd2b;Soustraire (cas général);Relatifs > Additionner et soustraire > Différences;5;Nombres et calculs > Relatifs : calculs > différences;haute;correspondance directe
1b866448-717d-44a8-8a6e-648c4ec55a48;Transformer une soustraction en addition;Relatifs > Additionner et soustraire > Différences;5;Nombres et calculs > Relatifs : calculs > différences;haute;correspondance directe
fd2c3e4b-832a-4eda-87d8-cc61ab1c9c71;Ajouter $1$ ou $2$ à un nombre négatif;Relatifs > Additionner et soustraire > Sommes;5;Nombres et calculs > Relatifs : calculs > sommes;haute;correspondance directe
b896b6ce-9cf0-430a-87ef-b242204cbc3b;Ajouter $2$ nombres opposés;Relatifs > Additionner et soustraire > Sommes;5;Nombres et calculs > Relatifs : calculs > sommes;haute;correspondance directe
31144f5f-04e1-40d3-8972-871527d5669c;Ajouter deux nombres négatifs;Relatifs > Additionner et soustraire > Sommes;5;Nombres et calculs > Relatifs : calculs > sommes;haute;correspondance directe
3c0464a3-4904-4e0d-b1a8-60e50e3e1f82;Ajouter un nombre positif à un nombre négatif en dépassant $0$;Relatifs > Additionner et soustraire > Sommes;5;Nombres et calculs > Relatifs : calculs > sommes;haute;correspondance directe
32469cec-a95f-4a47-9672-870707027eba;Calculer une somme;Relatifs > Additionner et soustraire > Sommes;5;Nombres et calculs > Relatifs : calculs > sommes;haute;correspondance directe
372d4f79-d0d9-4016-bd07-56fd782b5b95;Compléter une somme;Relatifs > Additionner et soustraire > Sommes;5;Nombres et calculs > Relatifs : calculs > sommes;haute;correspondance directe
6e44d741-ec0a-49f2-8eb3-3c971c31dc11;Déterminer le signe d'une somme;Relatifs > Additionner et soustraire > Sommes;5;Nombres et calculs > Relatifs : calculs > sommes;haute;correspondance directe
0a34e472-b985-4faa-b4d6-c804e96aff29;Calculer;Relatifs > Additionner et soustraire > Sommes algébriques;5;Nombres et calculs > Relatifs : calculs > sommes algébriques;haute;correspondance directe
abc5d417-7638-4048-b710-0394c4ccc42c;Calculer une somme algébrique;Relatifs > Additionner et soustraire > Sommes algébriques;5;Nombres et calculs > Relatifs : calculs > sommes algébriques;haute;correspondance directe
b1550840-5b8f-4a36-8581-5a8aa1267778;Compléter une égalité;Relatifs > Additionner et soustraire > Sommes algébriques;5;Nombres et calculs > Relatifs : calculs > sommes algébriques;haute;correspondance directe
8c7942e4-b81a-4049-9e78-7e2f14d5b055;Simplifier l'écriture;Relatifs > Additionner et soustraire > Sommes algébriques;5;Nombres et calculs > Relatifs : calculs > sommes algébriques;haute;correspondance directe
347eb0d0-4607-4fdb-8f0f-2ecc42ff40b8;Calculer une somme ou une différence;Relatifs > Additionner et soustraire > Sur la droite graduée;5;Nombres et calculs > Relatifs : calculs > sommes algébriques;haute;relance 2026-10-07 : cible confirmée sur l'arbre 2026-10-07.12
db4f1dde-503b-4fad-8b02-96a5124221d5;Calculer une somme ou une différence;Relatifs > Additionner et soustraire > Sur la droite graduée;5;Nombres et calculs > Relatifs : calculs > sommes algébriques;haute;relance 2026-10-07 : cible confirmée sur l'arbre 2026-10-07.12
5b53b1be-f9e7-4fc1-bbeb-be84e180a4fd;Calculer une somme ou une différence;Relatifs > Additionner et soustraire > Sur la droite graduée;5;Nombres et calculs > Relatifs : calculs > sommes algébriques;haute;relance 2026-10-07 : cible confirmée sur l'arbre 2026-10-07.12
24331791-3177-437f-bfc9-8e727e270293;Compléter une addition à trou;Relatifs > Additionner et soustraire > Sur la droite graduée;5;Nombres et calculs > Relatifs : calculs > sommes;haute;relance 2026-10-07 : famille confirmée — le format « à trou » est une variation interne de l'opération
84755a7b-fe7d-4be7-b306-40d38dd07aef;Compléter une addition à trou;Relatifs > Additionner et soustraire > Sur la droite graduée;5;Nombres et calculs > Relatifs : calculs > sommes;haute;relance 2026-10-07 : famille confirmée — le format « à trou » est une variation interne de l'opération
12e27dba-8939-4f84-94e9-87c88458b7c3;Comparer deux nombres relatifs.;Relatifs > Apprivoiser > Comparer;5;Nombres et calculs > Relatifs : sens et écritures > comparer;haute;Apprivoiser → sens et écritures
e0b6d00a-cc63-43bb-b2a0-c13d0e0fa00e;Comparer deux nombres relatifs.;Relatifs > Apprivoiser > Comparer;5;Nombres et calculs > Relatifs : sens et écritures > comparer;haute;Apprivoiser → sens et écritures
756bdbb7-edaa-4263-bd19-493620183371;Nombre négatif défini par une soustraction;Relatifs > Apprivoiser > La définition d'un nombre négatif;5;Nombres et calculs > Relatifs : sens et écritures > définition;haute;Apprivoiser → sens et écritures
0f182533-6669-43f5-b5d8-3ce9955e9dee;Trouver l'opposé d'un nombre;Relatifs > Apprivoiser > La définition d'un nombre négatif;5;Nombres et calculs > Relatifs : sens et écritures > définition;haute;Apprivoiser → sens et écritures
f7f22023-19cd-4745-aa96-8a3c930cde0f;Une soustraction enfin possible;Relatifs > Apprivoiser > La définition d'un nombre négatif;5;Nombres et calculs > Relatifs : sens et écritures > définition;haute;Apprivoiser → sens et écritures
9f660581-dcd2-470e-9ad1-6c7b5982ee1c;Carré et opposé d'un carré;Relatifs > Multiplier et Diviser > Carré;4;Nombres et calculs > Relatifs : calculs > carré;haute;correspondance directe
2da974f7-133c-4ad3-9053-dc18a48e4afd;Calculer un produit;Relatifs > Multiplier et Diviser > Produit;4;Nombres et calculs > Relatifs : calculs > produit;haute;correspondance directe
a5d4c3ee-4e84-4dde-ac7e-aeb557e56a45;Compléter une multiplication à trou;Relatifs > Multiplier et Diviser > Produit;4;Nombres et calculs > Relatifs : calculs > produit;haute;correspondance directe
ace89247-0194-4049-b365-76c3a644069b;Déterminer le signe d'un facteur;Relatifs > Multiplier et Diviser > Produit;4;Nombres et calculs > Relatifs : calculs > produit;haute;correspondance directe
aa8d6e3b-256f-4b8e-b7eb-9493dbf7f193;Déterminer le signe d'un produit;Relatifs > Multiplier et Diviser > Produit;4;Nombres et calculs > Relatifs : calculs > produit;haute;correspondance directe
74a31e06-3cb6-4360-823b-299e7cb55e03;Déterminer le signe d'un produit;Relatifs > Multiplier et Diviser > Produit;4;Nombres et calculs > Relatifs : calculs > produit;haute;correspondance directe
4bee24f9-60bc-47f3-aab9-e8904c8772bf;Déterminer le signe d'un produit;Relatifs > Multiplier et Diviser > Produit;4;Nombres et calculs > Relatifs : calculs > produit;haute;correspondance directe
0b6d749f-95fc-4cfe-a83d-4e2c84bc0e38;Compléter une division à trou;Relatifs > Multiplier et Diviser > Quotient;4;Nombres et calculs > Relatifs : calculs > quotient;haute;correspondance directe
995bd551-58e8-4295-bd06-f2d377784a64;Diviser;Relatifs > Multiplier et Diviser > Quotient;4;Nombres et calculs > Relatifs : calculs > quotient;haute;correspondance directe
4d13f5d6-8350-4c34-96de-a5e31fb9759b;Déterminer le signe d'un quotient;Relatifs > Multiplier et Diviser > Quotient;4;Nombres et calculs > Relatifs : calculs > quotient;haute;correspondance directe
4b07cd65-5d06-4fd4-ac56-d2388f4a66fe;Déterminer le signe dans un quotient;Relatifs > Multiplier et Diviser > Quotient;4;Nombres et calculs > Relatifs : calculs > quotient;haute;correspondance directe
49fac266-f622-4ef5-8a2b-5638ca5a4c99;Ajustement affine : interpréter le coefficient directeur, l'ordonnée à l'origine et r;Statistiques > Statistique à deux variables > Ajustement affine;T_COMP;Statistiques > Statistique à deux variables > ajustement affine;haute;correspondance directe
a573d517-be46-442b-a298-03469d286e79;Droite de régression donnée par la calculatrice : estimer une valeur;Statistiques > Statistique à deux variables > Ajustement affine;T_COMP;Statistiques > Statistique à deux variables > ajustement affine;haute;correspondance directe
17f35a67-b665-4c4c-9ebf-f0b413ca43d9;Ajustement par changement de variable z = ln(y);Statistiques > Statistique à deux variables > Changement de variable;T_COMP;Statistiques > Statistique à deux variables > changement de variable;haute;correspondance directe
a6cc7712-b21a-4d85-9cfe-52b0eda74faf;Nuage de points : sens et intensité de la liaison (coefficient de corrélation);Statistiques > Statistique à deux variables > Nuage de points;T_COMP;Statistiques > Statistique à deux variables > nuage de points;haute;correspondance directe
1c65d58e-8596-4e11-b917-6c8a86d8ef0f;Statistique à deux variables : coordonnées du point moyen;Statistiques > Statistique à deux variables > Point moyen;T_COMP;Statistiques > Statistique à deux variables > point moyen;haute;correspondance directe
1239554b-d442-4be6-8867-d9dc38311999;Calculer un terme;Suites > Apprivoiser > Calculer un terme;1_SPE;Suites > Généralités sur les suites > calculer un terme;haute;Apprivoiser → Généralités
79d69593-e815-496c-b429-637a1cd68b4d;Calculer un terme;Suites > Apprivoiser > Calculer un terme;1_SPE;Suites > Généralités sur les suites > calculer un terme;haute;Apprivoiser → Généralités
0495289a-abb1-4fed-b058-5e924a5f05ed;Calculer un terme;Suites > Apprivoiser > Calculer un terme;1_SPE;Suites > Généralités sur les suites > calculer un terme;haute;Apprivoiser → Généralités
f36ce3ff-9ae5-435e-b6c2-affe0ad902ec;Calculer un terme;Suites > Apprivoiser > Calculer un terme;1_SPE;Suites > Généralités sur les suites > calculer un terme;haute;Apprivoiser → Généralités
7703e625-8a3e-48bd-b4d3-245201766457;Calculer un terme;Suites > Apprivoiser > Calculer un terme;1_SPE;Suites > Généralités sur les suites > calculer un terme;haute;Apprivoiser → Généralités
95c38330-063f-4ade-b1ae-152b84bce20f;Deviner le terme général à partir d'une liste des premiers termes;Suites > Apprivoiser > Deviner le terme général;1_SPE;Suites > Généralités sur les suites > deviner le terme général;haute;Apprivoiser → Généralités
fc921674-ee4f-488c-9fe4-5598795c0508;Deviner le terme général à partir d'une liste des premiers termes;Suites > Apprivoiser > Deviner le terme général;1_SPE;Suites > Généralités sur les suites > deviner le terme général;haute;Apprivoiser → Généralités
0af4bf32-b97e-493d-bea4-917b6bbdf6f2;Deviner le terme général à partir d'une liste des premiers termes;Suites > Apprivoiser > Deviner le terme général;1_SPE;Suites > Généralités sur les suites > deviner le terme général;haute;Apprivoiser → Généralités
158ecaa4-7fa7-4313-a6be-bf60fc538ab6;Exprimer le terme suivant;Suites > Apprivoiser > Écriture des termes;1_SPE;Suites > Généralités sur les suites > explicite ou par récurrence;haute;relance 2026-10-07 : cible confirmée sur l'arbre 2026-10-07.12
2bf6edc7-e12f-450e-951c-cbf2b20b1e19;Suite monotone et bornée : que peut-on conclure ?;Suites > Comportement global > Convergence monotone;T_SPE;Suites > Limites de suites > convergence monotone;haute;correspondance directe
b59fe450-e57a-4dfc-8aa7-29337b3fa28f;Suite majorée, minorée ou bornée;Suites > Comportement global > Suites majorées, minorées, bornées;T_SPE;Suites > Limites de suites > suites majorées, minorées;haute;correspondance directe
849aabbc-4576-4644-a5c6-5b840b4dbbb9;Déterminer la limite d'une suite;Suites > Limites > Déterminer une limite;1_SPE;Suites > Limites de suites > définition;haute;relance 2026-10-07 : 1re : seul pointeur = définition (approche intuitive)
07bce646-6a88-4b7c-aaf6-fe07ffa63ed6;Opérations sur les limites;Suites > Limites > Déterminer une limite;T_SPE;Suites > Limites de suites > opérations;haute;titre
7063979e-b3b5-4b12-8ff9-e6df2c05b23c;Limite infinie par comparaison : minoration, majoration;Suites > Limites de suites > Comparaison et encadrement;T_SPE;Suites > Limites de suites > comparaison et encadrement;haute;correspondance directe
98ba277c-b99f-4e3f-b33c-8138755eb917;Limite par encadrement : théorème des gendarmes;Suites > Limites de suites > Comparaison et encadrement;T_SPE,T_COMP;Suites > Limites de suites > comparaison et encadrement;haute;correspondance directe
c0f49b76-fe50-44cf-80b6-3ee8ee5ab9f5;Définition de la limite : un rang à partir duquel tous les termes conviennent;Suites > Limites de suites > Définition de la limite;T_SPE;Suites > Limites de suites > définition;haute;correspondance directe
c611f92b-490e-468f-935a-06ec654fb3de;Limite d'une suite : lever une forme indéterminée;Suites > Limites de suites > Formes indéterminées;T_SPE;Suites > Limites de suites > formes indéterminées;haute;correspondance directe
94e4d691-ad7e-4e7a-9130-acb805864764;Limite d'une suite par opérations, sans forme indéterminée;Suites > Limites de suites > Opérations sur les limites;T_SPE,T_COMP;Suites > Limites de suites > opérations;haute;correspondance directe
708f8a08-31c0-49f2-85f9-8f9b8a2b4a44;Limite d'une somme de termes d'une suite géométrique;Suites > Limites de suites > Sommes géométriques;T_SPE,T_COMP;Suites > Limites de suites > suites géométriques;haute;relance 2026-10-07 : cible confirmée sur l'arbre 2026-10-07.12
1ebd1c86-7970-49c9-a373-74ba4d71d9ec;Limite de a × qⁿ + b, raison positive;Suites > Limites de suites > Suites géométriques;T_SPE,T_COMP;Suites > Limites de suites > suites géométriques;haute;correspondance directe
ea9d2de8-70df-4481-a658-d319702d57ab;Limite de qⁿ pour une raison négative;Suites > Limites de suites > Suites géométriques;T_SPE;Suites > Limites de suites > suites géométriques;haute;correspondance directe
c90fa022-9493-4812-adb7-c785babee9d4;Intérêts simples ou composés : nature de la suite;Suites > Modélisation > Placements;1_SPE;Suites > Suites et modélisation > placements;haute;correspondance directe
27d77564-e109-4681-8a64-13a3ee1729cd;Valeur d'un placement à intérêts simples ou composés;Suites > Modélisation > Placements;1_SPE;Suites > Suites et modélisation > placements;haute;correspondance directe
aeb1389d-0805-4421-9b25-1fcb4e4f4670;Évolution en pourcentage et suite géométrique;Suites > Modélisation > Pourcentages;1_SPE;Suites > Suites et modélisation > pourcentages;haute;correspondance directe
618d795c-5f19-49ba-be65-9a9ecd491e70;Raisonnement par récurrence : hypothèse, hérédité, initialisation;Suites > Raisonnement par récurrence > Structure d'une récurrence;T_SPE;Suites > Raisonnement par récurrence > structure d'une récurrence;haute;correspondance directe
d2067413-da43-42bb-a24c-642d2a3cc5e8;Reconnaître une suite arithmétique ou géométrique sur un nuage de points;Suites > Reconnaître une suite > Arithmétique ou géométrique;1_SPE;Suites > Suites arithmétiques > reconnaître;haute;relance 2026-10-07 : cible confirmée sur l'arbre 2026-10-07.12
d2943133-ebf7-424d-946a-8fed6cfa76be;Reconnaître une suite arithmétique ou géométrique à partir de sa forme explicite;Suites > Reconnaître une suite > Arithmétique ou géométrique;1_SPE;Suites > Suites arithmétiques > reconnaître;haute;relance 2026-10-07 : cible confirmée sur l'arbre 2026-10-07.12
f63408c5-ec96-4a17-92bc-15796e0b9a61;Reconnaître une suite arithmétique ou géométrique à partir de sa relation de récurrence;Suites > Reconnaître une suite > Arithmétique ou géométrique;1_SPE;Suites > Suites arithmétiques > reconnaître;haute;relance 2026-10-07 : cible confirmée sur l'arbre 2026-10-07.12
61e2ac1f-c21d-46ce-b5e2-57a72b9680af;Reconnaître une suite arithmétique ou géométrique à partir de ses premiers termes;Suites > Reconnaître une suite > Arithmétique ou géométrique;1_SPE;Suites > Suites arithmétiques > reconnaître;haute;relance 2026-10-07 : cible confirmée sur l'arbre 2026-10-07.12
4f8f420a-c93b-4d99-8fe2-acfac2d38cbe;Associer une formule à un nuage de points;Suites > Représentation graphique > Associer formule et nuage;1_SPE;Suites > Généralités sur les suites > représentation graphique;haute;correspondance directe
146a7c79-ad5c-443c-85a1-c8d0014c2ad8;Comportement d'une suite sur l'escalier;Suites > Représentation graphique > Escalier;1_SPE;Suites > Suites récurrentes > escalier;haute;relance 2026-10-07 : règle David — on classe ce que le modèle EST (l'escalier), même si la notion est marquée Tle
baefb288-6fb4-4fad-8e71-114145799ab6;Lire un terme sur l'escalier;Suites > Représentation graphique > Escalier;1_SPE;Suites > Suites récurrentes > escalier;haute;relance 2026-10-07 : règle David — on classe ce que le modèle EST (l'escalier), même si la notion est marquée Tle
8d4e5302-a133-441d-a618-69abb9cb4b63;Lire le premier terme et la raison sur un graphique;Suites > Représentation graphique > Lire un terme;1_SPE;Suites > Généralités sur les suites > représentation graphique;haute;correspondance directe
a430a698-851d-40b9-b4b0-146153788397;Lire un terme sur un graphique;Suites > Représentation graphique > Lire un terme;1_SPE;Suites > Généralités sur les suites > représentation graphique;haute;correspondance directe
1bbfa5f2-1c32-4a81-92cf-b9e7c5996977;Calculer la différence de deux termes consécutifs;Suites > Sens de variation > Différence de deux termes;1_SPE;Suites > Généralités sur les suites > sens de variation;haute;correspondance directe
ecba8a9e-bedb-478d-a324-a4f3fbdb3967;Sens de variation à partir du signe de u(n+1) − u(n);Suites > Sens de variation > Différence de deux termes;1_SPE;Suites > Généralités sur les suites > sens de variation;haute;correspondance directe
bf3e3211-3dc9-4a91-964a-eb8a68350903;Conjecturer le sens de variation d'une suite sur un nuage de points;Suites > Sens de variation > Lecture graphique;1_SPE;Suites > Généralités sur les suites > sens de variation;haute;correspondance directe
5cb7f6ce-8c71-4874-9b42-cd9afd4a1c29;Sens de variation d'une suite arithmétique;Suites > Sens de variation > Suites arithmétiques et géométriques;1_SPE;Suites > Généralités sur les suites > sens de variation;haute;relance 2026-10-07 : cible confirmée sur l'arbre 2026-10-07.12
5042401b-ceb0-4dc2-aa48-b83e90ee4bf2;Sens de variation d'une suite géométrique de raison positive;Suites > Sens de variation > Suites arithmétiques et géométriques;1_SPE;Suites > Généralités sur les suites > sens de variation;haute;relance 2026-10-07 : cible confirmée sur l'arbre 2026-10-07.12
19961e67-88c4-43bf-a76b-6a2af61dedf3;Valeur renvoyée par une fonction Python de seuil;Suites > Seuil et algorithmes > Algorithmes;1_SPE;Suites > Suites et modélisation > algorithmes;haute;correspondance directe
31a77ba9-520c-4f35-82b3-066492b512c1;Valeur renvoyée par une fonction Python qui calcule un terme;Suites > Seuil et algorithmes > Algorithmes;1_SPE;Suites > Suites et modélisation > algorithmes;haute;correspondance directe
eb9517ed-85ed-4702-b8d0-e155f5a5d474;Seuil d'une suite arithmétique par le calcul;Suites > Seuil et algorithmes > Seuil;1_SPE;Suites > Suites et modélisation > seuil;haute;correspondance directe
0b686e01-725c-448d-9e10-b295cf9b4128;Seuil d'une suite géométrique avec un tableau de valeurs;Suites > Seuil et algorithmes > Seuil;1_SPE;Suites > Suites et modélisation > seuil;haute;correspondance directe
f1963ef2-4618-4ae7-9491-9955dacd0258;Seuil : plus petit entier n tel que qⁿ dépasse une valeur (logarithme);Suites > Seuils > Logarithme;T_SPE,T_COMP;Suites > Suites et modélisation > seuil;haute;seuil par le logarithme
ef807ee9-f95b-469a-a6a8-4232e933b4c6;Somme des premiers entiers;Suites > Sommes > Somme des entiers;1_SPE;Suites > Suites arithmétiques > somme des termes;haute;1+2+…+n
44b32cad-1803-4ff2-a649-4c502610b43c;Somme de termes consécutifs d'une suite arithmétique;Suites > Sommes > Suites arithmétiques;1_SPE;Suites > Suites arithmétiques > somme des termes;haute;correspondance directe
b72fae4a-f8c1-4758-a4d7-9a7523cda877;Somme de termes consécutifs d'une suite géométrique;Suites > Sommes > Suites géométriques;1_SPE;Suites > Suites géométriques > somme des termes;haute;correspondance directe
e7cfe442-6653-4f97-a74e-08b8853d3305;Somme des puissances successives de q;Suites > Sommes > Suites géométriques;1_SPE;Suites > Suites géométriques > somme des termes;haute;correspondance directe
81ff485d-b40a-4778-bb95-43c3c17818f2;Suite arithmético-géométrique : solution constante et limite;Suites > Suites arithmético-géométriques > Solution constante et limite;T_SPE,T_COMP;Suites > Suites arithmético-géométriques > solution constante;haute;solution constante (et limite)
9f14d672-e460-4161-a9bf-da2b06f734f3;Suite arithmético-géométrique : expression de uₙ en fonction de n;Suites > Suites arithmético-géométriques > Suite auxiliaire;T_SPE,T_COMP;Suites > Suites arithmético-géométriques > suite auxiliaire;haute;correspondance directe
8ed02829-51de-40e2-af77-8fa47d01ea98;Calculer un terme d'une suite arithmétique;Suites > Suites arithmétiques > Calculer un terme;1_SPE;Suites > Suites arithmétiques > calculer un terme;haute;correspondance directe
a8b51d16-261f-4acd-a2c2-933d3ea9bab5;Calculer un terme d'une suite arithmétique;Suites > Suites arithmétiques > Calculer un terme;1_SPE;Suites > Suites arithmétiques > calculer un terme;haute;correspondance directe
7247dbb0-eeb4-49f0-9c54-4b6ce26f2db8;Calculer un terme d'une suite arithmétique;Suites > Suites arithmétiques > Calculer un terme;1_SPE;Suites > Suites arithmétiques > calculer un terme;haute;correspondance directe
337d31c3-5d6b-4bd0-b9da-f025ddb26145;Calculer un terme d'une suite arithmétique;Suites > Suites arithmétiques > Calculer un terme;1_SPE;Suites > Suites arithmétiques > calculer un terme;haute;correspondance directe
1315d326-1a4b-4abc-af93-f8ab9aeecc66;Déterminer la raison d'une suite arithmétique;Suites > Suites arithmétiques > Déterminer la raison;1_SPE;Suites > Suites arithmétiques > raison;haute;correspondance directe
c23840b6-f01c-4d33-ac40-4c5f9c2b6eab;Déterminer la raison d'une suite arithmétique;Suites > Suites arithmétiques > Déterminer la raison;1_SPE;Suites > Suites arithmétiques > raison;haute;correspondance directe
65e96f31-31fe-4c2b-b894-e689b998b849;Terme général d'une suite arithmétique;Suites > Suites arithmétiques > Terme général;1_SPE;Suites > Suites arithmétiques > terme général;haute;correspondance directe
373fc5b4-63af-409d-a1b9-1320ae9b3b75;Terme général d'une suite arithmétique;Suites > Suites arithmétiques > Terme général;1_SPE;Suites > Suites arithmétiques > terme général;haute;correspondance directe
ab4d55f7-d89d-4629-a60e-4ab880ff155c;Calculer un terme d'une suite géométrique;Suites > Suites géométriques > Calculer un terme;1_SPE;Suites > Suites géométriques > calculer un terme;haute;correspondance directe
279cf28f-a9e9-4c15-bd00-adbb9442c9bd;Calculer un terme d'une suite géométrique;Suites > Suites géométriques > Calculer un terme;1_SPE;Suites > Suites géométriques > calculer un terme;haute;correspondance directe
cf51cb93-c89b-477d-bfed-eb3cffae5edf;Calculer un terme d'une suite géométrique;Suites > Suites géométriques > Calculer un terme;1_SPE;Suites > Suites géométriques > calculer un terme;haute;correspondance directe
727fb88a-0cb7-4937-88c7-c522dffe04f4;Calculer un terme d'une suite géométrique;Suites > Suites géométriques > Calculer un terme;1_SPE;Suites > Suites géométriques > calculer un terme;haute;correspondance directe
349e1be5-65c5-49ce-b8e5-627a0c4a0bf5;Déterminer la raison d'une suite géométrique;Suites > Suites géométriques > Déterminer la raison;1_SPE;Suites > Suites géométriques > raison;haute;correspondance directe
85afd455-84a0-4caa-82c0-36840b19a219;Déterminer la raison d'une suite géométrique;Suites > Suites géométriques > Déterminer la raison;1_SPE;Suites > Suites géométriques > raison;haute;correspondance directe
eca755e6-dd1f-4a49-996d-88168fcfc4e5;Terme général d'une suite géométrique;Suites > Suites géométriques > Terme général;1_SPE;Suites > Suites géométriques > terme général;haute;correspondance directe
e67b1cbd-3a00-4379-bb4c-5a39ddff360f;Terme général d'une suite géométrique;Suites > Suites géométriques > Terme général;1_SPE;Suites > Suites géométriques > terme général;haute;correspondance directe
667a3618-fa5a-42bb-8541-046cf0e4ff03;uₙ₊₁ = f(uₙ) : conjecturer la limite sur l'escalier;Suites > Suites récurrentes > Escalier;T_SPE,T_COMP;Suites > Suites récurrentes > escalier;haute;correspondance directe
57063ada-a70d-442d-a8c0-5081c8402f27;uₙ₊₁ = f(uₙ) convergente : calculer la limite avec f(ℓ) = ℓ;Suites > Suites récurrentes > Point fixe;T_SPE;Suites > Suites récurrentes > point fixe;haute;correspondance directe
