modele;titre;programme;noeud_avant;noeud_apres;point;origine;correction
288c2bf0-2442-4e2d-ad4b-afcc1d23b6b2;Développer $(a+b)^2$;2;Algèbre > Calcul littéral > identités remarquables;Algèbre > Calcul littéral > identités remarquables;2-262;A1;autre_point
85f6e96e-f1a9-4ed3-b321-4e070e097c9d;Développer $(a+b)^2$;2;Algèbre > Calcul littéral > identités remarquables;Algèbre > Calcul littéral > identités remarquables;2-262;A2;autre_point
1338da34-00a6-4500-97fc-fcece9514ae6;Développer $(a-b)^2$;2;Algèbre > Calcul littéral > identités remarquables;Algèbre > Calcul littéral > identités remarquables;2-262;A3;autre_point
6909bfde-1fcb-4372-8205-db5bb54a05f8;Développer $(a-b)^2$;2;Algèbre > Calcul littéral > identités remarquables;Algèbre > Calcul littéral > identités remarquables;2-262;A4;autre_point
d1648508-035e-4a2f-abce-87592365038f;Factoriser une expression du second degré;2;Algèbre > Calcul littéral > identités remarquables;Algèbre > Calcul littéral > identités remarquables;2-262;A5;autre_point
34e569e7-7834-456f-8e48-65b2a1183030;Opposé d'une expression;2;Algèbre > Calcul littéral > opposé d'une expression;Algèbre > Calcul littéral > opposé d'une expression;2-262;A6;confirme
33eb676e-e3d7-4710-a1c1-50133a060125;Réduire une expression;2;Algèbre > Calcul littéral > réduire;Algèbre > Calcul littéral > réduction;2-262;A7;confirme
4cc21ccd-03d9-4e62-b669-f5ca03a1cc9a;Signe d'une expression;2;Algèbre > Inégalités > signe d'une expression;Algèbre > Inégalités > règles de calcul;2-263;D1;deplacer_modele
c7cdca01-326b-487f-8400-ba25d382de74;Signe d'une expression;2;Algèbre > Inégalités > signe d'une expression;Algèbre > Inégalités > règles de calcul;2-263;D2;deplacer_modele
9e1d084e-ff83-4852-ad51-fe79c3328ae0;Résoudre une inéquation du second degré;1_SPE;Algèbre > Inéquations : second degré > inéquations du second degré;Algèbre > Inéquations : second degré;1SPE-250;A8;confirme
25a7549a-34f5-4afc-a97d-d61c0a9efe4d;Calculer la racine double;1_SPE;Fonctions > Second degré > racines;Algèbre > Équations : second degré > discriminant;1SPE-248;D29;deplacer_modele
b09c430a-8ed5-44f1-a431-7b108299982b;Calculer le discriminant;1_SPE;Algèbre > Équations : second degré > discriminant;Algèbre > Équations : second degré > discriminant;1SPE-248;A9;confirme
c2e70ba1-08e2-4d6e-ba97-9194e2d2109d;Calculer les racines avec le discriminant (valeurs exactes);1_SPE;Fonctions > Second degré > racines;Algèbre > Équations : second degré > discriminant;1SPE-248;D30;deplacer_modele
f69a6e9e-28cf-46e3-b823-5712a2e028d9;Calculer les racines avec le discriminant (Δ carré parfait);1_SPE;Fonctions > Second degré > racines;Algèbre > Équations : second degré > discriminant;1SPE-248;D31;deplacer_modele
32993a13-829a-4876-bfe2-965c4a404d03;Nombre de racines selon le signe du discriminant;1_SPE;Algèbre > Équations : second degré > discriminant;Algèbre > Équations : second degré > discriminant;1SPE-248;A10;confirme
bb6749d5-59a2-4b26-b259-bb64dcf9b600;Chiffrement affine : clé valable et formule de déchiffrement;T_EXP;Arithmétique > Congruences > chiffrement;Arithmétique > Congruences > chiffrement;TEXP-291;A11;confirme
86199c41-5344-4aea-8ad3-b3083ae1bfe4;Chiffrement affine modulo 26 et chiffrement de Hill;T_EXP;Arithmétique > Congruences > chiffrement;Arithmétique > Congruences > chiffrement;TEXP-291;C1;choisir
3091d426-e98f-4da1-abc1-1777dc2061f3;Congruences : compatibilité avec les opérations, tables de restes;T_EXP;Arithmétique > Congruences > congruences;Arithmétique > Congruences > congruences;TEXP-274;C3;choisir
046ee43f-2f1d-4563-96cb-ff96d68c7fbf;Reste de aⁿ modulo m : cycle des restes;T_EXP;Arithmétique > Congruences > congruences;Arithmétique > Congruences > congruences;TEXP-274;C2;choisir
3edf49f2-16e4-4deb-940d-42c01fa61519;Petit théorème de Fermat : reste d'une puissance modulo p;T_EXP;Arithmétique > Congruences > petit théorème de Fermat;Arithmétique > Congruences > petit théorème de Fermat;TEXP-283;A12;confirme
bd7f1336-d58f-47d4-869f-98bc5cc57958;Inverse modulo n et congruence ax ≡ b [n];T_EXP;Arithmétique > Congruences > congruences;Arithmétique > Congruences > équations ax ≡ b [n];TEXP-286;D3;deplacer_modele
411abdf2-13ff-459c-a961-5fb67658bd0c;Tests de divisibilité par 3, 9 et 11;T_EXP;Arithmétique > Divisibilité > critères de divisibilité;Arithmétique > Divisibilité > critères de divisibilité;TEXP-289;C4;choisir
e2366d49-d150-4a5a-8097-0636db5b3c27;Division euclidienne : quotient et reste, dividende négatif;T_EXP;Arithmétique > Divisibilité > division euclidienne;Arithmétique > Divisibilité > division euclidienne;TEXP-272;A13;confirme
e12e4d95-1e6c-4d37-ae9c-77304ad0ea4a;Diviseurs d'un entier : les compter, en donner un;T_EXP;Arithmétique > Divisibilité > multiples et diviseurs;Arithmétique > Divisibilité > multiples et diviseurs;TEXP-284;A14;confirme
629c231b-50d4-459f-9361-fa8098f4d079;Décomposition en facteurs premiers et nombre de diviseurs;T_EXP;Arithmétique > Nombres premiers > décomposition en facteurs premiers;Arithmétique > Nombres premiers > décomposition en facteurs premiers;TEXP-282;C5;choisir
d9937325-b96e-462e-8e99-bb74f0c92a63;Infinité des nombres premiers : calculs autour de p₁ × … × pₖ + 1;T_EXP;Arithmétique > Nombres premiers > reconnaître un nombre premier;Arithmétique > Nombres premiers > primalité;TEXP-290;A15;confirme
0fbe194d-003b-4407-8486-10b0141530a7;Infinité des nombres premiers : l'idée de la preuve;T_EXP;Arithmétique > Nombres premiers > reconnaître un nombre premier;Arithmétique > Nombres premiers > primalité;TEXP-295;C6;choisir
b7304fcb-afc1-449b-90ce-57343621fbc0;Nombres premiers : en trouver un, étudier la primalité;T_EXP;Arithmétique > Nombres premiers > reconnaître un nombre premier;Arithmétique > Nombres premiers > primalité;TEXP-290;A16;confirme
aebb400f-be97-43be-af91-d41156712dd0;PGCD de deux entiers, algorithme d'Euclide;T_EXP;Arithmétique > PGCD, Bézout et Gauss > PGCD;Arithmétique > PGCD, Bézout et Gauss > PGCD;TEXP-285;A17;confirme
44a4236b-be18-4835-a6e0-c50f0b36833f;Gauss, Bézout, premiers entre eux : quelle conclusion ?;T_EXP;Arithmétique > PGCD, Bézout et Gauss > théorèmes de Bézout et de Gauss;Arithmétique > PGCD, Bézout et Gauss > théorèmes de Bézout et de Gauss;TEXP-279;C7;choisir
7d244203-3ea6-4c4d-9b3d-869ae82ccceb;Théorème de Bézout : trouver des coefficients u et v;T_EXP;Arithmétique > PGCD, Bézout et Gauss > théorèmes de Bézout et de Gauss;Arithmétique > PGCD, Bézout et Gauss > théorèmes de Bézout et de Gauss;TEXP-278;A18;confirme
d2d94e71-f768-46ac-883d-ef239bb7cf17;Équation diophantienne ax + by = c : ensemble des solutions;T_EXP;Arithmétique > PGCD, Bézout et Gauss > équations diophantiennes;Arithmétique > PGCD, Bézout et Gauss > équations diophantiennes;TEXP-292;A19;confirme
6233c5a9-0ce4-4bc0-b613-43263c736cc3;Équation diophantienne ax + by = c : une solution particulière;T_EXP;Arithmétique > PGCD, Bézout et Gauss > équations diophantiennes;Arithmétique > PGCD, Bézout et Gauss > équations diophantiennes;TEXP-292;A20;confirme
0965c56c-7808-4698-8c1f-8124d3a6505d;k-uplets d'éléments distincts : codes, bureaux, places, anagrammes;T_SPE;Dénombrement > Arrangements et permutations > arrangements;Dénombrement > Arrangements et permutations > arrangements;TSPE-309;A21;confirme
ef3c495c-632b-40ec-840d-fbbf7bfc879a;Coefficients binomiaux : chemins, symétrie, triangle de Pascal;T_COMP;Probabilités > Loi binomiale > coefficients binomiaux;Dénombrement > Combinaisons > coefficients binomiaux;TCOMP-296;A22;"confirme ; David : D51 : fusion dans Dénombrement (TSPE-314, TCOMP-296)"
ef3c495c-632b-40ec-840d-fbbf7bfc879a;Coefficients binomiaux : chemins, symétrie, triangle de Pascal;T_SPE;Probabilités > Loi binomiale > coefficients binomiaux;Dénombrement > Combinaisons > coefficients binomiaux;TSPE-314;D51;"doublon_arbre ; David : D51 : fusion dans Dénombrement (TSPE-314, TCOMP-296)"
7d9d9b81-e11f-4572-8221-21e95107112d;Factorielle, arrangements et formule des coefficients binomiaux;T_SPE;Dénombrement > Combinaisons > coefficients binomiaux;Dénombrement > Combinaisons > coefficients binomiaux;TSPE-313;C8;choisir
0bde6091-c122-46c0-94d5-a97cdde28d9d;Chemins sur un quadrillage et mots à deux lettres;T_SPE;Dénombrement > Combinaisons > combinaisons;Dénombrement > Combinaisons > combinaisons;TSPE-312;A23;confirme
8a6e41cc-264c-40df-b0b7-8a47e779d40d;Combinaisons avec répétitions : glaces, bonbons, solutions entières;T_SPE;Dénombrement > Combinaisons > combinaisons;Dénombrement > Combinaisons > combinaisons;TSPE-322;A25;confirme
3aca54e9-28c7-4ea4-930b-30be6979549b;Combinaisons en situation : délégués, mains de cartes, loto, poignées de main;T_SPE;Dénombrement > Combinaisons > combinaisons;Dénombrement > Combinaisons > combinaisons;TSPE-312;A24;confirme
a69dfde7-44b7-489e-a248-be0a1e5c5117;Python : générer les paires, les triplets, les parties;T_SPE;Dénombrement > Problèmes de dénombrement > algorithmique;Dénombrement > Combinaisons > combinaisons;TSPE-325;C11;choisir
67b349ab-02c1-4e06-9026-b31d918acd46;k-uplets (avec répétition) : n puissance k;T_SPE;Dénombrement > Principes de dénombrement > k-uplets;Dénombrement > Principes de dénombrement > k-uplets;TSPE-307;A26;confirme
dfb727cd-c55b-439c-8738-0e20484369c5;Nombre de parties d'un ensemble : 2 puissance n;T_SPE;Dénombrement > Principes de dénombrement > parties d'un ensemble;Dénombrement > Principes de dénombrement > parties d'un ensemble;TSPE-308;A27;confirme
2bae040c-347b-401f-a646-6cd2914b3399;Somme des coefficients binomiaux : 2 puissance n;T_SPE;Dénombrement > Principes de dénombrement > parties d'un ensemble;Dénombrement > Principes de dénombrement > parties d'un ensemble;TSPE-320;C9;choisir
89d49fae-5f08-439d-a531-a0b1966dab99;Principe additif : « ou », sans compter deux fois;T_SPE;Dénombrement > Principes de dénombrement > principes additif et multiplicatif;Dénombrement > Principes de dénombrement > principes additif et multiplicatif;TSPE-305;A28;confirme
ed01a843-e3ff-4383-8933-fe7593000693;Principe multiplicatif : produit cartésien, menus, identifiants;T_SPE;Dénombrement > Principes de dénombrement > principes additif et multiplicatif;Dénombrement > Principes de dénombrement > principes additif et multiplicatif;TSPE-306;C10;choisir
f796ffc0-d9cc-496b-97a8-9e10f07e6fc8;Quel modèle ? k-uplet, k-uplet d'éléments distincts ou combinaison;T_SPE;Dénombrement > Problèmes de dénombrement > reconnaître le modèle;Dénombrement > Problèmes de dénombrement;TSPE-318;A31;confirme
b500b44e-af29-4a2e-a2bd-67a57ed5ab20;Tirages dans une urne : avec remise, sans remise, simultanés;T_SPE;Dénombrement > Problèmes de dénombrement > reconnaître le modèle;Dénombrement > Problèmes de dénombrement;TSPE-318;C12;choisir
4a1deda8-d1a1-4222-8763-453750dc8412;« Au moins un » : compter par le complémentaire;T_SPE;Dénombrement > Problèmes de dénombrement > dénombrer avec contraintes;Dénombrement > Problèmes de dénombrement;TSPE-319;A29;confirme
0feeabaf-e90d-45a1-b5f1-997b3da067a7;« Exactement » : produit de combinaisons;T_SPE;Dénombrement > Problèmes de dénombrement > dénombrer avec contraintes;Dénombrement > Problèmes de dénombrement;TSPE-319;A30;confirme
0a1ff14f-ac73-4b9e-ab4c-a4d465c78e76;Cardinal d'une réunion et d'un produit cartésien;2;Ensembles > Cardinal et produit cartésien > cardinal;Ensembles > Cardinal et produit cartésien > cardinal;2-207;A32;confirme
db8b5dc8-2d2d-41ed-9af5-a4f5551c6aaa;Un couple appartient-il à A × B ?;2;Ensembles > Cardinal et produit cartésien > produit cartésien;Ensembles > Cardinal et produit cartésien > produit cartésien;2-205;A33;confirme
5062197a-5ffa-47bf-805d-8ec39d4445b8;Vrai ou faux : inclusion;2;Ensembles > Ensembles de nombres > appartenance et inclusion;Ensembles > Ensembles de nombres > appartenance et inclusion;2-201;C13;choisir
5b20321f-e86a-4a13-b478-1cf4f441e920;À quels ensembles de nombres appartient ce nombre ?;2;Ensembles > Ensembles de nombres > appartenance et inclusion;Ensembles > Ensembles de nombres > appartenance et inclusion;2-201;C14;choisir
8c31675a-44af-48df-bb3e-cde85a8d3f35;Réunion, intersection et complémentaire d'intervalles;2;Ensembles > Ensembles de nombres > intervalles;Ensembles > Ensembles de nombres > intervalles;2-244;A34;autre_point
9724dc3d-8df6-4c45-b936-439b18ed4c39;Intersection, réunion et complémentaire d'ensembles finis;2;Ensembles > Opérations sur les ensembles;Ensembles > Opérations sur les ensembles;2-202;C15;choisir
10393ff9-b797-4557-a841-6e0b4e18c52b;Continuité lue sur une courbe : saut ou point anguleux;T_COMP;Fonctions > Continuité > lecture graphique;Fonctions > Continuité > continuité en un point;TCOMP-220;D4;deplacer_modele
10393ff9-b797-4557-a841-6e0b4e18c52b;Continuité lue sur une courbe : saut ou point anguleux;T_SPE;Fonctions > Continuité > lecture graphique;Fonctions > Continuité > continuité en un point;TSPE-425;D5;deplacer_modele
d3ae0f61-3377-4d00-896e-291aaaf6ba5d;Encadrer la solution de f(x) = k à l'aide d'un tableau de valeurs;T_COMP;Fonctions > Continuité > valeurs intermédiaires;Fonctions > Continuité > encadrement d'une solution;TCOMP-235;A35;deplacer_modele
d3ae0f61-3377-4d00-896e-291aaaf6ba5d;Encadrer la solution de f(x) = k à l'aide d'un tableau de valeurs;T_SPE;Fonctions > Continuité > valeurs intermédiaires;Fonctions > Continuité > encadrement d'une solution;TSPE-431;A37;deplacer_modele
2491dd75-f888-4b86-aff6-e969c375cb5c;Théorème des valeurs intermédiaires : nombre de solutions de f(x) = k;T_COMP;Fonctions > Continuité > valeurs intermédiaires;Fonctions > Continuité > valeurs intermédiaires;TCOMP-233;A36;confirme
2491dd75-f888-4b86-aff6-e969c375cb5c;Théorème des valeurs intermédiaires : nombre de solutions de f(x) = k;T_SPE;Fonctions > Continuité > valeurs intermédiaires;Fonctions > Continuité > valeurs intermédiaires;TSPE-430;A38;confirme
37ce7759-c2fa-4353-a726-f0c942284053;Convexité et inflexion : lecture graphique sur f, f′ ou f″;T_COMP;Fonctions > Convexité > lecture graphique;Fonctions > Convexité;TCOMP-264;A44;confirme
37ce7759-c2fa-4353-a726-f0c942284053;Convexité et inflexion : lecture graphique sur f, f′ ou f″;T_SPE;Fonctions > Convexité > lecture graphique;Fonctions > Convexité;TSPE-419;A46;confirme
21840f6c-e705-4ce7-b400-af9ca3ca195b;Reconnaître l'allure d'une courbe à partir de tableaux;T_SPE;Fonctions > Convexité > lecture graphique;Fonctions > Convexité;TSPE-418;A45;confirme
a80a780f-bed5-404c-b5fe-db4211437ac8;Caractérisations de la convexité et du point d'inflexion;T_COMP;Fonctions > Convexité > caractérisations;Fonctions > Convexité > caractérisations;TCOMP-262;C16;choisir
a80a780f-bed5-404c-b5fe-db4211437ac8;Caractérisations de la convexité et du point d'inflexion;T_SPE;Fonctions > Convexité > caractérisations;Fonctions > Convexité > caractérisations;TSPE-411;C17;choisir
a3fa892a-6b80-4d70-857d-dbb98ffbc117;Calculer une dérivée seconde;T_COMP;Fonctions > Convexité > dérivée seconde;Fonctions > Convexité > dérivée seconde;TCOMP-259;A39;confirme
c4775a3a-114f-41bb-a469-d29c5484dde7;Intervalle de convexité ou de concavité par le signe de f″;T_COMP;Fonctions > Convexité > dérivée seconde;Fonctions > Convexité > dérivée seconde;TCOMP-265;A40;confirme
a3fa892a-6b80-4d70-857d-dbb98ffbc117;Calculer une dérivée seconde;T_SPE;Fonctions > Convexité > dérivée seconde;Fonctions > Convexité > dérivée seconde;TSPE-409;A41;confirme
c4775a3a-114f-41bb-a469-d29c5484dde7;Intervalle de convexité ou de concavité par le signe de f″;T_SPE;Fonctions > Convexité > dérivée seconde;Fonctions > Convexité > dérivée seconde;TSPE-420;A42;confirme
e814175b-95f0-4a2d-8689-e76c01ea91e6;Inégalité déduite de la convexité (tangente);T_SPE;Fonctions > Convexité > inégalités de convexité;Fonctions > Convexité > inégalités de convexité;TSPE-417;A43;confirme
08f9ad7b-7885-474f-b0a1-630a8847140e;Abscisse d'un point d'inflexion;T_COMP;Fonctions > Convexité > point d'inflexion;Fonctions > Convexité > point d'inflexion;TCOMP-265;A47;confirme
08f9ad7b-7885-474f-b0a1-630a8847140e;Abscisse d'un point d'inflexion;T_SPE;Fonctions > Convexité > point d'inflexion;Fonctions > Convexité > point d'inflexion;TSPE-420;A48;confirme
50feeefd-27d8-4b73-9e97-e3226091fb0a;Dérivée de eᵘ, ln u et u²;T_COMP;Fonctions > Dérivation > fonctions composées;Fonctions > Dérivation > fonctions composées;TCOMP-228;A49;confirme
bc1807a1-400e-4645-9f22-1157addd36bc;Composée de deux fonctions : calculer v∘u;T_SPE;Fonctions > Dérivation > fonctions composées;Fonctions > Dérivation > fonctions composées;TSPE-407;A50;confirme
f52b93c4-ba45-4bb1-8d4f-e9f34f413f65;Dérivée d'une composée : √u, uⁿ, cos u, sin u;T_SPE;Fonctions > Dérivation > fonctions composées;Fonctions > Dérivation > fonctions composées;TSPE-413;A51;confirme
50feeefd-27d8-4b73-9e97-e3226091fb0a;Dérivée de eᵘ, ln u et u²;T_SPE;Fonctions > Dérivation > fonctions composées;Fonctions > Dérivation > fonctions composées;TSPE-413;A52;confirme
74d77343-34b9-4259-94c2-c9e2c473b052;Calculer une dérivée;1_SPE;Fonctions > Dérivation > fonctions dérivées;Fonctions > Dérivation > fonctions dérivées;1SPE-264;C18;choisir
a86442c1-78a0-42d1-af23-7f43d217bfa3;Calculer une dérivée;1_SPE;Fonctions > Dérivation > fonctions dérivées;Fonctions > Dérivation > fonctions dérivées;1SPE-264;C19;choisir
1666b8e9-8225-4e66-8b8c-4d5190806ed1;Dériver un polynôme;1_SPE;Fonctions > Dérivation > fonctions dérivées;Fonctions > Dérivation > fonctions dérivées;1SPE-266;A54;confirme
9755a856-1059-40aa-abf7-cb531d85cebc;Dériver une somme avec 1/x et √x;1_SPE;Fonctions > Dérivation > fonctions dérivées;Fonctions > Dérivation > fonctions dérivées;1SPE-264;A53;confirme
d58208eb-48f8-4a77-b5bb-55cddcd845ab;Lire un nombre dérivé sur un graphique;1_SPE;Fonctions > Dérivation > nombre dérivé;Fonctions > Dérivation > nombre dérivé;1SPE-270;A56;confirme
46913a48-c97f-4f00-9cdc-b98214b8420b;Taux de variation et nombre dérivé;1_SPE;Fonctions > Dérivation > nombre dérivé;Fonctions > Dérivation > nombre dérivé;1SPE-260;A55;confirme
cda8e0d2-366c-482f-8cf3-2564b4b7083d;Calculer un nombre dérivé;1_SPE;Fonctions > Dérivation > nombre dérivé;Fonctions > Dérivation > opérations sur les dérivées;1SPE-274;D10;deplacer_modele
8b599a53-7e46-44a1-8e48-860c4d501b14;Dériver g(ax + b);1_SPE;Fonctions > Dérivation > fonctions dérivées;Fonctions > Dérivation > opérations sur les dérivées;1SPE-274;D8;deplacer_modele
0140fdfa-1066-4885-b0ab-c597ff503283;Dériver l'inverse d'une fonction;1_SPE;Fonctions > Dérivation > fonctions dérivées;Fonctions > Dérivation > opérations sur les dérivées;1SPE-274;D6;deplacer_modele
8997f7c6-4a99-44e0-bd03-e76c7e69c596;Dériver un produit;1_SPE;Fonctions > Dérivation > fonctions dérivées;Fonctions > Dérivation > opérations sur les dérivées;1SPE-274;D7;deplacer_modele
f1440b52-5a2b-4e6a-a112-7182b029d023;Dériver un quotient;1_SPE;Fonctions > Dérivation > fonctions dérivées;Fonctions > Dérivation > opérations sur les dérivées;1SPE-274;D9;deplacer_modele
ed8444bb-dfa3-4b6c-8414-27afb3066d2b;Lire l'équation d'une tangente sur un graphique;1_SPE;Fonctions > Dérivation > tangente;Fonctions > Dérivation > tangente;1SPE-261;A57;confirme
f52395d1-31ca-4bdb-be8f-723c5d96d2ac;Équation d'une tangente connaissant f(a) et f′(a);1_SPE;Fonctions > Dérivation > tangente;Fonctions > Dérivation > tangente;1SPE-272;A58;confirme
05387201-2403-409a-8ebe-5898b6e77e3c;Équation de la tangente à un polynôme;1_SPE;Fonctions > Dérivation > tangente;Fonctions > Dérivation > tangente;1SPE-272;A59;confirme
17f64f63-9af0-48ea-96b1-a74e0bef16f4;Du signe de f′ au sens de variation de f;1_SPE;Fonctions > Dérivation > variations;Fonctions > Dérivation > variations et extremums;1SPE-281;A60;confirme
a86fc757-1639-4b22-84bd-af5abcf2b9e0;Extremum de x ↦ (x + a)eˣ;1_SPE;Fonctions > Fonction exponentielle > variations;Fonctions > Dérivation > variations et extremums;1SPE-283;D16;"retaguer ; David : D16 : sous « Dérivation > variations » avec 1SPE-283"
9a04eb9f-18f7-413e-97b7-7ce41a899747;Intervalle où f est croissante, f′ de la forme (ax + b)eˣ;1_SPE;Fonctions > Fonction exponentielle > variations;Fonctions > Dérivation > variations et extremums;1SPE-283;A78;"confirme ; David : A78 : comme D16"
2b382069-eaad-4627-8405-bddd24b81c38;Intervalles où f est croissante, f′ trinôme du second degré;1_SPE;Fonctions > Dérivation > variations;Fonctions > Dérivation > variations et extremums;1SPE-281;A61;confirme
782bf7f8-b6af-43f2-a1d7-78089cdb9485;Lire les variations de f sur la courbe de f′;1_SPE;Fonctions > Dérivation > variations;Fonctions > Dérivation > variations et extremums;1SPE-281;A62;confirme
83b1f614-95db-4d74-9fbf-d4d502ee8c01;Maximum local d'une fonction polynôme de degré 3;1_SPE;Fonctions > Dérivation > variations;Fonctions > Dérivation > variations et extremums;1SPE-283;A63;deplacer_modele
bb554c62-ed89-4c2f-817b-c5aed549a469;Étude de fonction : ce qu'on cherche;1_SPE;Fonctions > Dérivation > étude de fonction;Fonctions > Dérivation > variations et extremums;1SPE-283;A64;confirme
03b3d9b3-2d38-4062-a70b-c9b31839444b;Étude de fonction : ce que donne la dérivée;1_SPE;Fonctions > Dérivation > étude de fonction;Fonctions > Dérivation > variations et extremums;1SPE-283;D13;retaguer
318ea542-65cb-4040-9b46-1d5803d9dee5;Étude de fonction : par quoi commencer;1_SPE;Fonctions > Dérivation > étude de fonction;Fonctions > Dérivation > variations et extremums;1SPE-283;A65;confirme
7f13ca89-ad64-4665-9f6b-e11fad8f8b08;Intervalle de croissance ou de décroissance d'une fonction avec ln;T_COMP;Fonctions > Dérivation > variations;Fonctions > Dérivation > variations et extremums;TCOMP-231;D11;deplacer_modele
b4096cd8-1aef-4b70-a185-b4b689258e08;Étude de fonction : où chercher les limites;T_COMP;Fonctions > Dérivation > étude de fonction;Fonctions > Dérivation > variations et extremums;TCOMP-231;D14;retaguer
7f13ca89-ad64-4665-9f6b-e11fad8f8b08;Intervalle de croissance ou de décroissance d'une fonction avec ln;T_SPE;Fonctions > Dérivation > variations;Fonctions > Dérivation > variations et extremums;TSPE-416;D12;deplacer_modele
b4096cd8-1aef-4b70-a185-b4b689258e08;Étude de fonction : où chercher les limites;T_SPE;Fonctions > Dérivation > étude de fonction;Fonctions > Dérivation > variations et extremums;TSPE-416;D15;retaguer
f40e8a4a-bddc-43aa-8c2c-ccf7cb5d4ae6;Reconnaître la courbe d'une fonction exponentielle;1_SPE;Fonctions > Fonction exponentielle > courbe;Fonctions > Fonction exponentielle > courbe;1SPE-296;A68;confirme
9765d776-cc70-4472-95e9-1c0d05396584;Tangente à la courbe de exp en 0;1_SPE;Fonctions > Fonction exponentielle > courbe;Fonctions > Fonction exponentielle > courbe;1SPE-289;A66;confirme
15d3aaa0-5eef-4c08-a38c-5b5c8d5ed6e1;Tangente à la courbe de exp en un point;1_SPE;Fonctions > Fonction exponentielle > courbe;Fonctions > Fonction exponentielle > courbe;1SPE-289;A67;confirme
245b4eb1-11fc-497a-b4cd-0a8934719d2c;Décroissance exponentielle;1_SPE;Fonctions > Fonction exponentielle > suites et modélisation;Fonctions > Fonction exponentielle > croissance et décroissance exponentielles;1SPE-297;A77;confirme
ca8f40c2-bcb9-4f1d-8647-53e84a04ed79;Suite géométrique de raison exponentielle;1_SPE;Fonctions > Fonction exponentielle > suites et modélisation;Fonctions > Fonction exponentielle > croissance et décroissance exponentielles;1SPE-293;A76;confirme
496f958d-4733-45a2-be3c-243dc9f7dd66;Dériver un produit de fonction affine et d'exponentielle;1_SPE;Fonctions > Fonction exponentielle > dérivée;Fonctions > Fonction exponentielle > dérivée;1SPE-289;A69;confirme
227f2c9c-3494-412d-bf88-e9b2c48c01a6;Dériver une exponentielle de fonction affine;1_SPE;Fonctions > Fonction exponentielle > dérivée;Fonctions > Fonction exponentielle > dérivée;1SPE-295;A71;confirme
cffdd283-49ee-4292-b8ca-b6096b8b1ae2;Dériver une somme d'exponentielle et de polynôme;1_SPE;Fonctions > Fonction exponentielle > dérivée;Fonctions > Fonction exponentielle > dérivée;1SPE-289;A70;confirme
e6b429b4-e6b4-41a1-b25b-57b66c989ce4;Produit d'exponentielles;1_SPE;Fonctions > Fonction exponentielle > propriétés algébriques;Fonctions > Fonction exponentielle > propriétés algébriques;1SPE-294;A72;confirme
bd45ed7f-0e09-4777-9f66-1b932cd087d0;Puissance et inverse d'une exponentielle;1_SPE;Fonctions > Fonction exponentielle > propriétés algébriques;Fonctions > Fonction exponentielle > propriétés algébriques;1SPE-294;A73;confirme
6137a555-a62d-4382-b509-4a6f7cbd346b;Quotient d'exponentielles;1_SPE;Fonctions > Fonction exponentielle > propriétés algébriques;Fonctions > Fonction exponentielle > propriétés algébriques;1SPE-294;A74;confirme
a4272b10-cb61-42d1-8127-6c0224fc1d9b;Simplifier une expression exponentielle;1_SPE;Fonctions > Fonction exponentielle > propriétés algébriques;Fonctions > Fonction exponentielle > propriétés algébriques;1SPE-294;A75;confirme
68166a11-b481-44cc-b881-07252a6fb98f;Valeurs et signe de l'exponentielle;1_SPE;Fonctions > Fonction exponentielle > propriétés algébriques;Fonctions > Fonction exponentielle > propriétés algébriques;1SPE-292;C20;choisir
c7b5130d-15f7-4b80-b678-34c3c13dff40;Sens de variation d'une fonction exponentielle de paramètre k;1_SPE;Fonctions > Fonction exponentielle > variations;Fonctions > Fonction exponentielle > variations;1SPE-292;D17;retaguer
6a5e58da-8015-4d0d-9a1f-6c8e8d9cae4d;Résoudre une inéquation du type eᵘ < eᶜ;1_SPE;Fonctions > Fonction exponentielle > équations et inéquations;Fonctions > Fonction exponentielle > équations et inéquations;1SPE-292;A79;confirme
d73d7929-fd39-4234-963c-80038c22f5a3;Résoudre une inéquation du type eᵘ ≤ eᵛ;1_SPE;Fonctions > Fonction exponentielle > équations et inéquations;Fonctions > Fonction exponentielle > équations et inéquations;1SPE-292;A80;confirme
7179a3b5-580a-4696-a22e-cd5f89c32c29;Résoudre une équation du type eᵘ = eᵛ;1_SPE;Fonctions > Fonction exponentielle > équations et inéquations;Fonctions > Fonction exponentielle > équations et inéquations;1SPE-292;A81;confirme
6fe11613-789b-43c1-a38b-0d72bcb0d44e;Résoudre une équation du type eᵘ = eᶜ;1_SPE;Fonctions > Fonction exponentielle > équations et inéquations;Fonctions > Fonction exponentielle > équations et inéquations;1SPE-292;A82;confirme
9a4592bf-5e79-4a4a-bb1a-698a715a4a34;Équations particulières avec l'exponentielle;1_SPE;Fonctions > Fonction exponentielle > équations et inéquations;Fonctions > Fonction exponentielle > équations et inéquations;1SPE-292;A83;confirme
226e5b3b-fad4-4c99-92cb-42e123014055;Calculer la valeur d'une valeur absolue;2;Fonctions > Fonction valeur absolue > définition et distance;Fonctions > Fonction valeur absolue > définition et distance;2-245;A84;confirme
6ece66a6-85e6-45ff-beff-25b9954c1984;Calculer la valeur d'une valeur absolue;2;Fonctions > Fonction valeur absolue > définition et distance;Fonctions > Fonction valeur absolue > définition et distance;2-245;A85;confirme
d03e49c0-ba65-4e1b-80ef-c595bba65d10;Calculer la valeur d'une valeur absolue;2;Fonctions > Fonction valeur absolue > définition et distance;Fonctions > Fonction valeur absolue > définition et distance;2-245;A86;confirme
d540f96e-6656-434f-bdbd-72347a2232a9;Calculer la valeur d'une valeur absolue;2;Fonctions > Fonction valeur absolue > définition et distance;Fonctions > Fonction valeur absolue > définition et distance;2-245;A87;confirme
d6a810f4-aa45-46b3-853a-c276a22870e7;Calculer une valeur absolue;2;Fonctions > Fonction valeur absolue > définition et distance;Fonctions > Fonction valeur absolue > définition et distance;2-245;A88;confirme
62b99aa7-ad93-43aa-b7af-7b48c0f8af50;Résoudre une équation avec une valeur absolue;2;Fonctions > Fonction valeur absolue > équations et inéquations;Fonctions > Fonction valeur absolue > équations et inéquations;2-340;A89;confirme
939153b6-9aa8-4a59-809e-071a7d3b8b77;Résoudre une équation avec une valeur absolue;2;Fonctions > Fonction valeur absolue > équations et inéquations;Fonctions > Fonction valeur absolue > équations et inéquations;2-340;A90;confirme
ae0ad163-0c3a-4334-8748-8ccdefc7134c;Déterminer l'ordonnée à l'origine;2;Fonctions > Fonctions affines > coefficient directeur et ordonnée à l'origine;Fonctions > Fonctions affines > coefficient directeur et ordonnée à l'origine;2-347;A91;confirme
09f0c9ec-70ea-4b90-a949-7c6154e91104;Déterminer le coefficient directeur;2;Fonctions > Fonctions affines > coefficient directeur et ordonnée à l'origine;Fonctions > Fonctions affines > coefficient directeur et ordonnée à l'origine;2-347;A92;confirme
75fe996a-ba8e-4e72-a1c3-536078b8254e;Résoudre l'équation $f(x)=k$;2;Fonctions > Fonctions affines > équations;Fonctions > Fonctions affines > équations;2-339;D18;retaguer
68db64b0-95a8-4173-9bae-1125a1e36ea3;Lecture graphique sur la courbe d'une fonction trigonométrique;1_SPE;Fonctions > Fonctions trigonométriques;Fonctions > Fonctions trigonométriques;;D19;detaguer
7b4b149a-5a82-4aca-8b7f-7ef48d0ffd48;Reconnaître la courbe d'une fonction trigonométrique;T_SPE;Fonctions > Fonctions trigonométriques;Fonctions > Fonctions trigonométriques;TSPE-453;D20;remonter_point
174e202b-7061-4d17-9f86-f38315571f3f;Angles associés : simplifier une expression;1_SPE;Fonctions > Fonctions trigonométriques > angles associés;Fonctions > Fonctions trigonométriques > angles associés;;A93;"confirme ; David : A93 : tag de 1re spé retiré (à borner)"
dc4b8d08-b250-483a-b2a9-84944f12bb6e;Angles associés : simplifier une somme;1_SPE;Fonctions > Fonctions trigonométriques > angles associés;Fonctions > Fonctions trigonométriques > angles associés;;A94;"confirme ; David : A94 : tag de 1re spé retiré (à borner)"
679a2e3e-d034-4c9f-8c8f-5e0b6f545d1a;Cosinus et sinus d'angles associés;1_SPE;Fonctions > Fonctions trigonométriques > cosinus et sinus d'un réel;Fonctions > Fonctions trigonométriques > angles associés;1SPE-307;D21;deplacer_modele
4b3c1d88-c064-45da-8976-820dff5be28e;Convertir des degrés en radians;1_SPE;Fonctions > Fonctions trigonométriques > cercle et radians;Fonctions > Fonctions trigonométriques > cercle et radians;1SPE-303;A95;confirme
aad6c700-242c-40a4-bd13-f24b016a8a59;Lire le réel associé à un point du cercle;1_SPE;Fonctions > Fonctions trigonométriques > cercle et radians;Fonctions > Fonctions trigonométriques > cercle et radians;1SPE-306;A97;confirme
f7194c9d-5056-4444-8a66-78205d1dde32;Mesure principale d'un angle;1_SPE;Fonctions > Fonctions trigonométriques > cercle et radians;Fonctions > Fonctions trigonométriques > cercle et radians;1SPE-304;A96;confirme
ee4e2ac6-c683-47ec-91bd-524409ef241e;Calculer cos x connaissant sin x;1_SPE;Fonctions > Fonctions trigonométriques > cosinus et sinus d'un réel;Fonctions > Fonctions trigonométriques > cosinus et sinus d'un réel;1SPE-305;A98;confirme
5a89b292-e311-40fb-9115-e6572d031e40;Cosinus et sinus des angles remarquables;1_SPE;Fonctions > Fonctions trigonométriques > cosinus et sinus d'un réel;Fonctions > Fonctions trigonométriques > cosinus et sinus d'un réel;1SPE-305;A99;confirme
0a2d3681-eb19-43db-89e9-762c406d9db4;Dériver une fonction construite avec cos et sin;T_SPE;Fonctions > Fonctions trigonométriques > dérivées et variations;Fonctions > Fonctions trigonométriques > dérivées et variations;TSPE-454;A100;confirme
cac2d6ed-c215-4e58-aaeb-1b314476f41d;Optimum d'une fonction avec cos ou sin;T_SPE;Fonctions > Fonctions trigonométriques > dérivées et variations;Fonctions > Fonctions trigonométriques > dérivées et variations;TSPE-459;A102;confirme
77b5e06d-1040-49ca-b8a4-f524ab0448ac;Variations de cos et sin entre −π et π;T_SPE;Fonctions > Fonctions trigonométriques > dérivées et variations;Fonctions > Fonctions trigonométriques > dérivées et variations;TSPE-454;A101;confirme
7026a36a-dc96-4d46-8c39-950220a60f82;Étudier les variations d'une fonction avec cos ou sin;T_SPE;Fonctions > Fonctions trigonométriques > dérivées et variations;Fonctions > Fonctions trigonométriques > dérivées et variations;TSPE-459;A103;confirme
463f483e-51e1-49f9-a347-2e33bdef954a;Résoudre cos x ≥ a ou cos x < a sur un tour;1_SPE;Fonctions > Fonctions trigonométriques > inéquations;Fonctions > Fonctions trigonométriques > inéquations;;D22;detaguer
fccd570b-6e51-4fef-88f9-fa7e61a5c673;Résoudre sin x > a sur un tour;1_SPE;Fonctions > Fonctions trigonométriques > inéquations;Fonctions > Fonctions trigonométriques > inéquations;;D23;detaguer
9c7fb7cf-42b3-462e-9a8b-4c4cd8f37278;Résoudre cos x ⩽ a ou sin x ⩾ a entre −π et π (bornes comprises);T_SPE;Fonctions > Fonctions trigonométriques > inéquations;Fonctions > Fonctions trigonométriques > inéquations;TSPE-458;A104;confirme
18855802-b8e9-4fff-bfa8-256cc4d50c31;Lire la parité sur la courbe d'une fonction trigonométrique;T_SPE;Fonctions > Fonctions trigonométriques > parité et périodicité;Fonctions > Fonctions trigonométriques > parité et périodicité;TSPE-456;A107;confirme
5072030d-8036-4621-a92b-75df54d371f9;Lire la période sur la courbe d'une fonction trigonométrique;T_SPE;Fonctions > Fonctions trigonométriques > parité et périodicité;Fonctions > Fonctions trigonométriques > parité et périodicité;TSPE-456;A108;confirme
4c4d43dc-966d-4661-be5c-85272a3d73cf;Parité d'une fonction trigonométrique : calculer f(−x);T_SPE;Fonctions > Fonctions trigonométriques > parité et périodicité;Fonctions > Fonctions trigonométriques > parité et périodicité;TSPE-453;A105;confirme
7df468d6-647c-4b59-9a6c-026a2279fd86;Période de x ↦ cos(ax + b) et x ↦ sin(ax + b);T_SPE;Fonctions > Fonctions trigonométriques > parité et périodicité;Fonctions > Fonctions trigonométriques > parité et périodicité;TSPE-453;A106;confirme
fece187e-691f-488b-84c6-d37c84173066;Résoudre cos x = a sur un tour (valeurs remarquables);1_SPE;Fonctions > Fonctions trigonométriques > équations;Fonctions > Fonctions trigonométriques > équations;;D27;detaguer
afd9b3ff-c4ee-4061-ab99-7589aa1dc045;Résoudre sin x = a sur un tour (valeurs remarquables);1_SPE;Fonctions > Fonctions trigonométriques > équations;Fonctions > Fonctions trigonométriques > équations;;D26;detaguer
99c772c0-3a0c-4f63-b01e-a7da4de812c4;Équations trigonométriques : aucune solution, cos x = cos α, sin x = sin α;1_SPE;Fonctions > Fonctions trigonométriques > équations;Fonctions > Fonctions trigonométriques > équations;;D25;detaguer
7d552757-61db-493a-a846-7d2cdc0ec631;Reconnaître une équation ou une inéquation sur le cercle trigonométrique;T_SPE;Fonctions > Fonctions trigonométriques > équations;Fonctions > Fonctions trigonométriques > équations;TSPE-457;A109;confirme
4314e62e-6357-4374-856d-69dd36883851;Résoudre cos x = a ou sin x = a dans ℝ;T_SPE;Fonctions > Fonctions trigonométriques > équations;Fonctions > Fonctions trigonométriques > équations;TSPE-457;A110;confirme
42f091c1-35f2-47e4-8fb3-e38c1bbf0dfd;Résoudre cos(2x) = a ou sin(2x) = a sur un intervalle;T_SPE;Fonctions > Fonctions trigonométriques > équations;Fonctions > Fonctions trigonométriques > équations;TSPE-457;A111;confirme
7eec7032-a49c-4662-a2af-73c9ef8f2f98;Parité et périodicité de cosinus et sinus;1_SPE;Fonctions > Fonctions trigonométriques > parité et périodicité;Fonctions > Généralités sur les fonctions > parité;1SPE-280;D24;deplacer_modele
a4d8dc52-30c4-4414-b9d7-b1a0d13f6ae9;Asymptote parallèle à un axe : équation à partir d'une limite;T_COMP;Fonctions > Limites de fonctions > asymptotes;Fonctions > Limites de fonctions > asymptotes;TCOMP-219;A112;confirme
a4d8dc52-30c4-4414-b9d7-b1a0d13f6ae9;Asymptote parallèle à un axe : équation à partir d'une limite;T_SPE;Fonctions > Limites de fonctions > asymptotes;Fonctions > Limites de fonctions > asymptotes;TSPE-404;A113;confirme
b97dabe1-0c52-483e-a738-e62386d5a638;Croissances comparées : exponentielle, puissances, logarithme;T_SPE;Fonctions > Limites de fonctions > croissances comparées;Fonctions > Limites de fonctions > croissances comparées;TSPE-403;A114;confirme
7844be9a-36f9-4f27-8c6a-34529c3e6523;Limite d'une fonction : lever une forme indéterminée par le terme prépondérant;T_SPE;Fonctions > Limites de fonctions > formes indéterminées;Fonctions > Limites de fonctions > formes indéterminées;TSPE-403;C21;choisir
04ec9518-1d43-461c-beb0-aa38d62b6835;Limite en un point : dénominateur qui tend vers 0;T_COMP;Fonctions > Limites de fonctions > limite en un point;Fonctions > Limites de fonctions > limite en un point;TCOMP-230;A115;confirme
04ec9518-1d43-461c-beb0-aa38d62b6835;Limite en un point : dénominateur qui tend vers 0;T_SPE;Fonctions > Limites de fonctions > limite en un point;Fonctions > Limites de fonctions > limite en un point;TSPE-415;A116;confirme
806c10f4-d04c-44c2-9af1-84a65b636aca;Limite d'une fonction par opérations, sans forme indéterminée;T_COMP;Fonctions > Limites de fonctions > opérations;Fonctions > Limites de fonctions > opérations;TCOMP-230;A117;confirme
806c10f4-d04c-44c2-9af1-84a65b636aca;Limite d'une fonction par opérations, sans forme indéterminée;T_SPE;Fonctions > Limites de fonctions > opérations;Fonctions > Limites de fonctions > opérations;TSPE-415;A118;confirme
9ad36217-5f60-45c7-83ce-a1a870adc5da;Courbes de ln et exp : reconnaître, symétrie par rapport à y = x;T_COMP;Fonctions > Logarithmes > courbe;Fonctions > Logarithmes > courbe;TCOMP-225;A119;confirme
9ad36217-5f60-45c7-83ce-a1a870adc5da;Courbes de ln et exp : reconnaître, symétrie par rapport à y = x;T_SPE;Fonctions > Logarithmes > courbe;Fonctions > Logarithmes > courbe;TSPE-442;C22;choisir
723779c8-23a5-4768-9648-a19cab5558be;Dérivée d'une fonction avec ln;T_COMP;Fonctions > Logarithmes > dérivée;Fonctions > Logarithmes > dérivée;TCOMP-227;A120;confirme
723779c8-23a5-4768-9648-a19cab5558be;Dérivée d'une fonction avec ln;T_SPE;Fonctions > Logarithmes > dérivée;Fonctions > Logarithmes > dérivée;TSPE-440;A121;confirme
ffd5c051-3db1-416b-9279-ee740ffb8d34;Propriétés algébriques du logarithme;T_COMP;Fonctions > Logarithmes > propriétés algébriques;Fonctions > Logarithmes > propriétés algébriques;TCOMP-236;A122;confirme
ffd5c051-3db1-416b-9279-ee740ffb8d34;Propriétés algébriques du logarithme;T_SPE;Fonctions > Logarithmes > propriétés algébriques;Fonctions > Logarithmes > propriétés algébriques;TSPE-444;A123;confirme
1a57c0a4-8992-4c3f-8ca7-f1a7ce9320dc;ln et exp, fonctions réciproques : calculer sans calculatrice;T_COMP;Fonctions > Logarithmes > réciproque de l'exponentielle;Fonctions > Logarithmes > réciproque de l'exponentielle;TCOMP-224;A124;confirme
1a57c0a4-8992-4c3f-8ca7-f1a7ce9320dc;ln et exp, fonctions réciproques : calculer sans calculatrice;T_SPE;Fonctions > Logarithmes > réciproque de l'exponentielle;Fonctions > Logarithmes > réciproque de l'exponentielle;TSPE-438;A125;confirme
14036c68-6854-422b-b06d-3890b3745573;Résoudre une inéquation avec ln ou exp;T_COMP;Fonctions > Logarithmes > équations et inéquations;Fonctions > Logarithmes > équations et inéquations;TCOMP-238;A126;confirme
d3301f2d-6293-4766-a789-d432cb11b489;Résoudre une équation avec ln ou exp;T_COMP;Fonctions > Logarithmes > équations et inéquations;Fonctions > Logarithmes > équations et inéquations;TCOMP-238;A127;confirme
14036c68-6854-422b-b06d-3890b3745573;Résoudre une inéquation avec ln ou exp;T_SPE;Fonctions > Logarithmes > équations et inéquations;Fonctions > Logarithmes > équations et inéquations;TSPE-446;A128;confirme
d3301f2d-6293-4766-a789-d432cb11b489;Résoudre une équation avec ln ou exp;T_SPE;Fonctions > Logarithmes > équations et inéquations;Fonctions > Logarithmes > équations et inéquations;TSPE-446;A129;confirme
f8ccc8b6-b5ec-4fce-9c74-8dd1520bb709;Vrai ou Faux sur les polynômes du second degré;1_SPE;Fonctions > Second degré;Fonctions > Second degré;1SPE-244;A130;confirme
a9aece33-74e0-4120-817d-5bdf6b9414f3;Calculer la forme canonique;1_SPE;Fonctions > Second degré > formes;Fonctions > Second degré > formes;1SPE-246;A134;confirme
87140df3-ed7a-4afc-98d9-dcd4d43e65bb;Déterminer la forme canonique.;1_SPE;Fonctions > Second degré > formes;Fonctions > Second degré > formes;1SPE-246;A135;confirme
45e47034-959d-4996-a5d6-ea22fd0ac316;Développer une forme canonique ou factorisée;1_SPE;Fonctions > Second degré > formes;Fonctions > Second degré > formes;1SPE-243;A131;confirme
604f83b7-4ed3-4b0f-b393-85e60ac353b4;Factoriser un trinôme à l'aide de ses racines;1_SPE;Fonctions > Second degré > formes;Fonctions > Second degré > formes;1SPE-253;A136;confirme
64e53490-57b0-44ba-9737-94779b78191b;Lire le coefficient du terme de degré 2;1_SPE;Fonctions > Second degré > formes;Fonctions > Second degré > formes;1SPE-243;A132;confirme
44b58fce-45ec-4979-819f-e4bdb8540944;Reconnaître la forme d'une expression du second degré;1_SPE;Fonctions > Second degré > formes;Fonctions > Second degré > formes;1SPE-254;C23;choisir
2871990c-21d1-4d96-a2df-897ee2a1cc5c;Reconnaître un polynôme du second degré;1_SPE;Fonctions > Second degré > formes;Fonctions > Second degré > formes;1SPE-243;A133;confirme
9f00da01-a030-4697-8d69-20c380fa0b78;Déterminer l'équation de l'axe de symétrie de la parabole;1_SPE;Fonctions > Second degré > parabole;Fonctions > Second degré > parabole;1SPE-247;A137;confirme
56b1803f-f707-49a9-a0b7-3e6b8220f2d7;Déterminer les coordonnées du sommet;1_SPE;Fonctions > Second degré > parabole;Fonctions > Second degré > parabole;1SPE-247;A138;confirme
80489c90-34aa-4212-bf2e-62438ab017a0;Lire le signe de a et de Δ sur une parabole;1_SPE;Fonctions > Second degré > parabole;Fonctions > Second degré > parabole;1SPE-287;D28;remonter_point
18e26873-dca0-4c73-bc23-f181e0164a66;Déterminer les racines d'un polynôme du second degré;1_SPE;Fonctions > Second degré > racines;Fonctions > Second degré > racines;1SPE-244;A139;confirme
1b1a6d7b-d776-491b-b2bc-b2bc9fe629fe;Déterminer les racines d'un polynôme du second degré;1_SPE;Fonctions > Second degré > racines;Fonctions > Second degré > racines;1SPE-244;A140;confirme
eae2ff6a-5e46-445b-bfa6-02cadb6d956a;Déterminer les racines d'un polynôme du second degré.;1_SPE;Fonctions > Second degré > racines;Fonctions > Second degré > racines;1SPE-244;A141;confirme
2dd2b712-3687-4910-ab92-378c46125129;Trouver une racine évidente d'un polynôme;1_SPE;Fonctions > Second degré > racines;Fonctions > Second degré > racines;1SPE-253;D32;remonter_point
a0089728-f07a-46ba-8109-7550d2ac800d;Vérifier si un nombre est racine d'un polynôme;1_SPE;Fonctions > Second degré > racines;Fonctions > Second degré > racines;1SPE-244;A142;confirme
b48d72dd-e93b-4f5c-ac81-117ff1c2c79c;Déterminer le signe d'une expression du second degré;1_SPE;Fonctions > Second degré > signe;Fonctions > Second degré > signe;1SPE-251;A143;confirme
568c7bee-093c-4765-839c-7b94e95d4a67;Signe d'un trinôme sur un intervalle;1_SPE;Fonctions > Second degré > signe;Fonctions > Second degré > signe;1SPE-251;A144;confirme
0dee4515-8030-441c-bd7c-f1b7418e664b;Somme et produit des racines;1_SPE;Fonctions > Second degré > somme et produit des racines;Fonctions > Second degré > somme et produit des racines;1SPE-245;A145;confirme
f6219e5a-af46-4818-8537-6c65b6d9ae63;Trouver l'autre racine avec le produit des racines;1_SPE;Fonctions > Second degré > somme et produit des racines;Fonctions > Second degré > somme et produit des racines;1SPE-245;X2;choisir
1acb6d47-5d88-4ccf-830f-98dc57d0022c;Déterminer la nature de l'extremum;1_SPE;Fonctions > Second degré > variations;Fonctions > Second degré > variations;1SPE-287;A146;confirme
0113c53d-ee4a-4da9-9327-537461ffdc85;Variations et extremum d'une fonction du second degré;1_SPE;Fonctions > Second degré > variations;Fonctions > Second degré > variations;1SPE-287;A147;confirme
c8f6970e-76b4-4bd5-beac-ee824751d6e3;Chaîne de Markov : distribution après n transitions;T_EXP;Graphes > Chaînes de Markov > distribution après n transitions;Graphes > Chaînes de Markov > distribution après n transitions;TEXP-343;A148;confirme
c7d06dad-757d-4f44-ad7a-faa84a7871f0;Chaîne de Markov : matrice de transition et graphe pondéré;T_EXP;Graphes > Chaînes de Markov > matrice de transition;Graphes > Chaînes de Markov > matrice de transition;TEXP-331;C24;choisir
49134f4f-864d-43a4-ab26-b60db0fe2388;Chaîne de Markov à deux états : distribution invariante;T_EXP;Graphes > Chaînes de Markov > état stable;Graphes > Chaînes de Markov > état stable;TEXP-344;A149;confirme
6be786ef-507f-4fdb-80ec-74db1b9179f5;Chaîne, cycle, connexité;T_EXP;Graphes > Chaînes et connexité;Graphes > Chaînes et connexité > chaînes et cycles;TEXP-315;D33;deplacer_modele
234270ac-a763-4cb9-bf87-4d44f441cde5;Matrice d'adjacence d'un graphe;T_EXP;Graphes > Matrice d'adjacence;Graphes > Matrice d'adjacence > matrice d'adjacence;TEXP-322;D34;deplacer_modele
bff6ba73-181e-46b5-aa84-aef634c6d7fb;Nombre de chaînes de longueur n par la puissance de la matrice d'adjacence;T_EXP;Graphes > Matrice d'adjacence;Graphes > Matrice d'adjacence > nombre de chaînes de longueur n;TEXP-342;D35;deplacer_modele
1f88d29a-086b-4fc9-9b28-debca396c697;Modéliser par un graphe : sommets, arêtes, situation possible ?;T_EXP;Graphes > Vocabulaire des graphes > modélisation par un graphe;Graphes > Vocabulaire des graphes;TEXP-335;A150;confirme
41eb477b-89b6-487c-9951-a5393caacc46;Modéliser une situation par un graphe : ordre, degrés, arêtes;T_EXP;Graphes > Vocabulaire des graphes > modélisation par un graphe;Graphes > Vocabulaire des graphes;TEXP-335;A151;confirme
31be400c-29fb-4877-a0e8-49c33d40add7;Graphe : ordre, degrés, nombre d'arêtes;T_EXP;Graphes > Vocabulaire des graphes > sommets, arêtes, degré;Graphes > Vocabulaire des graphes > sommets, arêtes, degré;TEXP-314;C25;choisir
5a53d098-b331-4d64-bcad-e14dbab53591;Somme des degrés et graphe complet;T_EXP;Graphes > Vocabulaire des graphes > sommets, arêtes, degré;Graphes > Vocabulaire des graphes > sommets, arêtes, degré;TEXP-313;C26;choisir
68b13d33-57b5-4f5f-a3d0-ffbc80d78587;Espace : points alignés ? vecteurs formant une base ?;T_SPE;Géométrie > Espace : avec coordonnées > coordonnées dans l'espace;Géométrie > Espace;TSPE-371;A152;deplacer_modele
affceacd-5dab-474e-aa7e-75d2d542a935;Espace : vecteurs colinéaires, points alignés;T_SPE;Géométrie > Espace : avec coordonnées > coordonnées dans l'espace;Géométrie > Espace > colinéarité et alignement;TSPE-371;D36;"deplacer_modele ; audit Q4 : D36 : TSPE-371 (savoir-faire : « dans un cadre repéré… étudier une situation de colinéarité ») plutôt que TSPE-328 (connaissance : vecteurs colinéaires) — le modèle calcule la colinéarité en coordonnées"
d6938108-2f87-430c-bc69-c2b148356087;Espace : coordonnées de vecteurs et de points;T_SPE;Géométrie > Espace : avec coordonnées > coordonnées dans l'espace;Géométrie > Espace > coordonnées;TSPE-332;C27;choisir
ac94a453-5a3f-43f0-9984-d832e9117263;Espace : décomposer un vecteur, vecteurs coplanaires;T_SPE;Géométrie > Espace : avec coordonnées > coordonnées dans l'espace;Géométrie > Espace > coplanarité et décomposition;TSPE-333;A153;confirme
0808e518-9aa6-4241-85b0-5132033fe3c8;Espace : intersection d'une droite et d'un plan;T_SPE;Géométrie > Espace : avec coordonnées > intersections;Géométrie > Espace > positions relatives et intersections;TSPE-372;A154;confirme
3bace561-460f-466d-b834-a605a59500a7;Espace : positions relatives d'une droite et d'un plan, de deux plans;T_SPE;Géométrie > Espace : avec coordonnées > positions relatives par le calcul;Géométrie > Espace > positions relatives et intersections;TSPE-371;A155;confirme
33be404b-d498-4243-8653-dbb819ea7542;Espace : lire une représentation paramétrique de droite;T_SPE;Géométrie > Espace : avec coordonnées > représentation paramétrique d'une droite;Géométrie > Espace > représentation paramétrique;TSPE-366;A156;confirme
9bea5ec2-237f-4ad8-bc21-b4374b85c6f4;Coordonnées du projeté orthogonal d'un point sur une droite;1_SPE;Géométrie > Géométrie repérée > projeté orthogonal;Géométrie > Géométrie repérée > projeté orthogonal;1SPE-331;A157;confirme
f6c423de-acdf-4e7e-a622-feabdb289cce;Distance d'un point à une droite;1_SPE;Géométrie > Géométrie repérée > projeté orthogonal;Géométrie > Géométrie repérée > projeté orthogonal;1SPE-331;A158;confirme
518f7f0b-389b-4cf2-b67c-5591ca00afb9;Droite perpendiculaire passant par un point;1_SPE;Géométrie > Géométrie repérée > vecteur normal et équation de droite;Géométrie > Géométrie repérée > vecteur normal et équation de droite;1SPE-330;A160;confirme
71d10661-2f62-47df-9e00-37e2a6789080;Lire un vecteur normal sur une équation de droite;1_SPE;Géométrie > Géométrie repérée > vecteur normal et équation de droite;Géométrie > Géométrie repérée > vecteur normal et équation de droite;1SPE-327;A159;confirme
81811b59-b17c-4d94-bbd4-7f5515b4dd6d;Équation d'une hauteur d'un triangle;1_SPE;Géométrie > Géométrie repérée > vecteur normal et équation de droite;Géométrie > Géométrie repérée > vecteur normal et équation de droite;1SPE-330;A161;confirme
e710f32f-993f-4c49-9b18-f06ace3f1af7;Équation de droite : un point et un vecteur normal;1_SPE;Géométrie > Géométrie repérée > vecteur normal et équation de droite;Géométrie > Géométrie repérée > vecteur normal et équation de droite;1SPE-330;A162;confirme
c2add21a-3c8a-4f02-bb87-59755c033510;Équation de la médiatrice d'un segment;1_SPE;Géométrie > Géométrie repérée > vecteur normal et équation de droite;Géométrie > Géométrie repérée > vecteur normal et équation de droite;1SPE-330;A163;confirme
60a428b9-72d0-4375-99a3-26ef6f594d3b;Centre et rayon d’un cercle à partir de son équation développée;1_SPE;Géométrie > Géométrie repérée > équation de cercle;Géométrie > Géométrie repérée > équation de cercle;1SPE-333;A167;confirme
d7ad48d8-614c-44e3-905d-b60f6630d2f5;Est-ce l’équation d’un cercle ?;1_SPE;Géométrie > Géométrie repérée > équation de cercle;Géométrie > Géométrie repérée > équation de cercle;1SPE-333;A168;confirme
1602c40d-818f-4218-beb9-0d7f116992a4;Un point appartient-il à un cercle ?;1_SPE;Géométrie > Géométrie repérée > équation de cercle;Géométrie > Géométrie repérée > équation de cercle;1SPE-332;A164;confirme
a6d7b414-b42d-4378-a3fd-eff48890cc72;Équation d’un cercle : centre et point, ou diamètre;1_SPE;Géométrie > Géométrie repérée > équation de cercle;Géométrie > Géométrie repérée > équation de cercle;1SPE-332;A165;confirme
3a6583b5-9cc4-4005-9eb8-742828c5f7b4;Équation d’un cercle de centre et rayon donnés;1_SPE;Géométrie > Géométrie repérée > équation de cercle;Géométrie > Géométrie repérée > équation de cercle;1SPE-332;A166;confirme
ca36b9c4-27b9-4376-ac37-7351a100abf5;Espace : calculer un angle avec le produit scalaire;T_SPE;Géométrie > Orthogonalité : avec coordonnées > norme et distance;Géométrie > Orthogonalité et distances dans l'espace > angles;TSPE-354;A171;deplacer_modele
536db399-2e04-45fc-9f0b-a37a7678d8e8;Espace : plans perpendiculaires, droite orthogonale à un plan;T_SPE;Géométrie > Orthogonalité : avec coordonnées > vecteur normal à un plan;Géométrie > Orthogonalité et distances dans l'espace > orthogonalité de droites et plans;TSPE-353;D38;"retaguer ; audit Q4 : D38 : « utiliser le produit scalaire pour démontrer la perpendicularité de deux plans » (savoir-faire) ; la droite orthogonale à un plan (TSPE-352) est secondaire"
1277a5b6-b979-4e3b-b5b6-e10aedfbedfb;Espace : calculer un produit scalaire;T_SPE;Géométrie > Orthogonalité : avec coordonnées > norme et distance;Géométrie > Orthogonalité et distances dans l'espace > produit scalaire dans l'espace;TSPE-345;C28;choisir
119b9148-e95b-4865-b0d4-52f0cf264de2;Espace : norme d'un vecteur, distance entre deux points;T_SPE;Géométrie > Orthogonalité : avec coordonnées > norme et distance;Géométrie > Orthogonalité et distances dans l'espace > produit scalaire dans l'espace;TSPE-345;C29;choisir
294206b9-0b78-412f-9528-505d53b372eb;Espace : orthogonalité, trouver le paramètre;T_SPE;Géométrie > Orthogonalité : avec coordonnées > norme et distance;Géométrie > Orthogonalité et distances dans l'espace > produit scalaire dans l'espace;TSPE-343;D37;"retaguer ; audit Q4 : D37 : trouver m pour que u·v = 0, c'est la caractérisation de l'orthogonalité par le produit scalaire (TSPE-343), désormais sur la même sous-notion que le modèle"
eae25eba-49aa-4be5-a3ae-eef9ec4e0a31;Espace : projeté orthogonal d'un point sur une droite;T_SPE;Géométrie > Orthogonalité : avec coordonnées > coordonnées du projeté orthogonal;Géométrie > Orthogonalité et distances dans l'espace > projeté orthogonal;TSPE-370;A170;confirme
95f04c3e-03e1-4db4-a16e-36b713a2273f;Espace : projeté orthogonal sur un plan, distance à un plan;T_SPE;Géométrie > Orthogonalité : avec coordonnées > coordonnées du projeté orthogonal;Géométrie > Orthogonalité et distances dans l'espace > projeté orthogonal;TSPE-369;A169;confirme
34b03dee-865d-405c-a284-abfac4248997;Espace : point d'une sphère, intersection d'une sphère et d'un plan;T_SPE;Géométrie > Orthogonalité : avec coordonnées > sphère;Géométrie > Orthogonalité et distances dans l'espace > sphère;TSPE-376;C30;choisir
646b4cd3-71da-4092-9542-5fee745b3043;Espace : équation d'une sphère, centre et rayon;T_SPE;Géométrie > Orthogonalité : avec coordonnées > sphère;Géométrie > Orthogonalité et distances dans l'espace > sphère;TSPE-376;A172;confirme
35697e01-53f5-4a45-9eb5-c7e9882065b2;Espace : point d'un plan, coordonnée manquante;T_SPE;Géométrie > Orthogonalité : avec coordonnées > équation cartésienne d'un plan;Géométrie > Orthogonalité et distances dans l'espace > vecteur normal et équation cartésienne;TSPE-364;A176;autre_point
2b240d8c-bdc2-4a55-a8db-a028f02ec889;Espace : trouver un vecteur directeur ou un vecteur normal;T_SPE;Géométrie > Orthogonalité : avec coordonnées > vecteur normal à un plan;Géométrie > Orthogonalité et distances dans l'espace > vecteur normal et équation cartésienne;TSPE-375;A174;confirme
91c7b083-8714-4559-9a6e-8e9fe86b59bd;Espace : vecteur normal lu sur une équation de plan;T_SPE;Géométrie > Orthogonalité : avec coordonnées > vecteur normal à un plan;Géométrie > Orthogonalité et distances dans l'espace > vecteur normal et équation cartésienne;TSPE-368;A173;deplacer_modele
d192da3e-534d-4c3e-b30e-68c9f166b8a9;Espace : équation cartésienne d'un plan (calculer d);T_SPE;Géométrie > Orthogonalité : avec coordonnées > équation cartésienne d'un plan;Géométrie > Orthogonalité et distances dans l'espace > vecteur normal et équation cartésienne;TSPE-367;A175;confirme
f7c15433-a944-4440-bb42-4a2f899e5f06;Al-Kashi : calculer un angle;1_SPE;Géométrie > Produit scalaire > angles et longueurs;Géométrie > Produit scalaire > angles et longueurs;1SPE-319;A177;confirme
721324f9-6ab3-4f62-b22e-103b9eb71fda;Al-Kashi : calculer une longueur;1_SPE;Géométrie > Produit scalaire > angles et longueurs;Géométrie > Produit scalaire > angles et longueurs;1SPE-320;A179;confirme
bf5dadf6-ba11-4fbb-a527-014f59e3145a;Angle de deux vecteurs;1_SPE;Géométrie > Produit scalaire > angles et longueurs;Géométrie > Produit scalaire > angles et longueurs;1SPE-319;A178;confirme
74363137-8fef-4a59-bb0a-ce1c0908198f;Norme d'une somme ou d'une différence;1_SPE;Géométrie > Produit scalaire > propriétés;Géométrie > Produit scalaire > angles et longueurs;1SPE-315;D39;deplacer_modele
b73923a1-ed5a-49b0-ba69-6e389e28cec3;Choisir la méthode dans une figure usuelle;1_SPE;Géométrie > Produit scalaire > calculer un produit scalaire;Géométrie > Produit scalaire > expressions du produit scalaire;1SPE-321;A180;confirme
fe407c88-478d-419e-aa02-8b3c8e1a917a;Produit scalaire avec les coordonnées;1_SPE;Géométrie > Produit scalaire > calculer un produit scalaire;Géométrie > Produit scalaire > expressions du produit scalaire;1SPE-321;A181;confirme
d787d8c0-6f5a-45d0-84de-73b887f81bc8;Produit scalaire avec les normes;1_SPE;Géométrie > Produit scalaire > calculer un produit scalaire;Géométrie > Produit scalaire > expressions du produit scalaire;1SPE-321;A182;confirme
ba8ae428-e22b-4b01-b3d7-9d42af96a6c3;Produit scalaire avec les normes et l'angle;1_SPE;Géométrie > Produit scalaire > calculer un produit scalaire;Géométrie > Produit scalaire > expressions du produit scalaire;1SPE-321;A183;confirme
9c7f7ef0-8491-4ce9-a52c-80bcf907845f;Produit scalaire par projection orthogonale;1_SPE;Géométrie > Produit scalaire > calculer un produit scalaire;Géométrie > Produit scalaire > expressions du produit scalaire;1SPE-321;A184;confirme
044a3ae3-c54a-4521-9265-3997fcc6b0d2;Cercle de diamètre [AB];1_SPE;Géométrie > Produit scalaire > lieux de points;Géométrie > Produit scalaire > lieux de points;1SPE-323;C31;choisir
a6f0ca3f-e981-479d-80f4-3ce032c93b80;Ensemble des points M tels que MA·MB = k;1_SPE;Géométrie > Produit scalaire > lieux de points;Géométrie > Produit scalaire > lieux de points;1SPE-317;A185;confirme
d520539a-4d14-492d-8d85-a303a6c30798;Bilinéarité du produit scalaire;1_SPE;Géométrie > Produit scalaire > propriétés;Géométrie > Produit scalaire > propriétés;1SPE-312;A186;confirme
f2cc01fc-a317-4052-92d9-2c9f67255a14;Orthogonaux ou non ?;1_SPE;Géométrie > Produit scalaire > propriétés;Géométrie > Produit scalaire > propriétés;1SPE-318;A187;confirme
2bfbf2fc-e7dc-4fd9-ab50-0cb3e7f5d402;Vecteurs orthogonaux;1_SPE;Géométrie > Produit scalaire > propriétés;Géométrie > Produit scalaire > propriétés;1SPE-318;A188;confirme
fc2ea212-c23b-407a-b4b7-6f3a48b40ef5;Intégration par parties;T_SPE;Intégration > Calcul d'intégrales > intégration par parties;Intégration > Calcul d'intégrales > intégration par parties;TSPE-488;A189;confirme
822d0318-0c4d-4e60-9c4d-1082302e09f3;Méthode des rectangles : calculer la somme pour n petit;T_COMP;Intégration > Calcul d'intégrales > méthode des rectangles;Intégration > Calcul d'intégrales > méthode des rectangles;TCOMP-270;A190;confirme
822d0318-0c4d-4e60-9c4d-1082302e09f3;Méthode des rectangles : calculer la somme pour n petit;T_SPE;Intégration > Calcul d'intégrales > méthode des rectangles;Intégration > Calcul d'intégrales > méthode des rectangles;TSPE-498;A191;confirme
b52c53d8-df28-48a3-b494-56fb1cd72009;Calculer une intégrale à l'aide d'une primitive;T_COMP;Intégration > Calcul d'intégrales > par une primitive;Intégration > Calcul d'intégrales > par une primitive;TCOMP-276;A192;confirme
b52c53d8-df28-48a3-b494-56fb1cd72009;Calculer une intégrale à l'aide d'une primitive;T_SPE;Intégration > Calcul d'intégrales > par une primitive;Intégration > Calcul d'intégrales > par une primitive;TSPE-487;A193;confirme
3b396d9c-5e35-42dd-8c21-f63323418f37;Relation de Chasles pour les intégrales;T_COMP;Intégration > Calcul d'intégrales > relation de Chasles;Intégration > Calcul d'intégrales > relation de Chasles;TCOMP-267;A194;confirme
3b396d9c-5e35-42dd-8c21-f63323418f37;Relation de Chasles pour les intégrales;T_SPE;Intégration > Calcul d'intégrales > relation de Chasles;Intégration > Calcul d'intégrales > relation de Chasles;TSPE-482;A195;confirme
95ee8348-8d34-4cf4-a798-544ee0622aa7;Dérivée de x ↦ ∫ₐˣ f(t) dt;T_COMP;Intégration > Fonction intégrale > dérivée d'une fonction intégrale;Intégration > Fonction intégrale > dérivée d'une fonction intégrale;TCOMP-272;A196;confirme
95ee8348-8d34-4cf4-a798-544ee0622aa7;Dérivée de x ↦ ∫ₐˣ f(t) dt;T_SPE;Intégration > Fonction intégrale > dérivée d'une fonction intégrale;Intégration > Fonction intégrale > dérivée d'une fonction intégrale;TSPE-476;A197;confirme
a32e6d38-6472-41fe-8499-cb4a85a9b718;Intégrale d'une fonction de signe quelconque : aire algébrique;T_COMP;Intégration > Intégrale et aire > aire algébrique;Intégration > Intégrale et aire > aire algébrique;TCOMP-271;A198;confirme
6ed907d7-03b3-43b2-b737-37bf7c633f16;Intégrale d'une fonction positive : aire d'une figure simple;T_COMP;Intégration > Intégrale et aire > lecture graphique;Intégration > Intégrale et aire > aire algébrique;TCOMP-274;A202;confirme
a32e6d38-6472-41fe-8499-cb4a85a9b718;Intégrale d'une fonction de signe quelconque : aire algébrique;T_SPE;Intégration > Intégrale et aire > aire algébrique;Intégration > Intégrale et aire > aire algébrique;TSPE-479;A199;confirme
6ed907d7-03b3-43b2-b737-37bf7c633f16;Intégrale d'une fonction positive : aire d'une figure simple;T_SPE;Intégration > Intégrale et aire > lecture graphique;Intégration > Intégrale et aire > aire algébrique;TSPE-485;A203;confirme
164edf6b-d68c-4a19-8f81-1a0d596496a4;Aire entre deux courbes;T_COMP;Intégration > Intégrale et aire > aire entre deux courbes;Intégration > Intégrale et aire > aire entre deux courbes;TCOMP-279;A200;confirme
164edf6b-d68c-4a19-8f81-1a0d596496a4;Aire entre deux courbes;T_SPE;Intégration > Intégrale et aire > aire entre deux courbes;Intégration > Intégrale et aire > aire entre deux courbes;TSPE-490;A201;confirme
dd0ee69a-2203-47a3-b2b8-af70a77281d3;Encadrer une intégrale ou une valeur moyenne;T_COMP;Intégration > Valeur moyenne > encadrement;Intégration > Valeur moyenne;TCOMP-275;A206;confirme
f26151ff-9b70-414b-9c92-b53a1839bd79;Interpréter une intégrale ou une valeur moyenne en contexte;T_COMP;Intégration > Valeur moyenne > interprétation;Intégration > Valeur moyenne;TCOMP-281;A208;confirme
76843d15-31fa-42a3-9da3-8ee1490d6018;Valeur moyenne d'une fonction sur un intervalle;T_COMP;Intégration > Valeur moyenne > calcul;Intégration > Valeur moyenne;TCOMP-277;A204;confirme
dd0ee69a-2203-47a3-b2b8-af70a77281d3;Encadrer une intégrale ou une valeur moyenne;T_SPE;Intégration > Valeur moyenne > encadrement;Intégration > Valeur moyenne;TSPE-486;A207;confirme
f26151ff-9b70-414b-9c92-b53a1839bd79;Interpréter une intégrale ou une valeur moyenne en contexte;T_SPE;Intégration > Valeur moyenne > interprétation;Intégration > Valeur moyenne;TSPE-493;A209;confirme
76843d15-31fa-42a3-9da3-8ee1490d6018;Valeur moyenne d'une fonction sur un intervalle;T_SPE;Intégration > Valeur moyenne > calcul;Intégration > Valeur moyenne;TSPE-483;A205;confirme
5426cead-c0c2-48d3-a10b-2e46714f9129;Implication, réciproque, contraposée;2;Logique > Implication et équivalence;Logique > Implication et équivalence;2-214;C32;choisir
e5205176-140d-4376-9761-8172ca8bf10a;Condition nécessaire, condition suffisante;1_SPE;Logique > Implication et équivalence;Logique > Implication et équivalence > condition nécessaire, condition suffisante;1SPE-201;D40;deplacer_modele
219c9470-ffe0-48a6-bebf-39fb814ad613;« Et » et « ou » : vrai ou faux ?;2;Logique > Proposition mathématique > et, ou, non;Logique > Proposition mathématique > et, ou, non;2-210;A210;confirme
6c3ee9e6-3c71-4ff9-943b-22691a9a92c7;« Et », « ou » et intervalles;2;Logique > Proposition mathématique > et, ou, non;Logique > Proposition mathématique > et, ou, non;2-210;A211;confirme
536c01bb-8401-4f53-b8ca-faf9bf4c243d;Identité, équation, statut des lettres;1_SPE;Logique > Quantificateurs et négation;Logique > Proposition mathématique > statut des lettres et des égalités;1SPE-202;D41;deplacer_modele
0ab3faa5-a660-4841-9a5f-6563458d2489;Nier une proposition;1_SPE;Logique > Quantificateurs et négation;Logique > Quantificateurs et négation > négation d'une proposition;1SPE-204;D42;deplacer_modele
0ab3faa5-a660-4841-9a5f-6563458d2489;Nier une proposition;2;Logique > Quantificateurs et négation;Logique > Quantificateurs et négation > négation d'une proposition;2-211;D43;retaguer
93f9ecdf-9166-486d-8fca-42e380a664f2;Reconnaître un type de raisonnement;1_SPE;Logique > Raisonnements;Logique > Raisonnements;;D44;detaguer
93f9ecdf-9166-486d-8fca-42e380a664f2;Reconnaître un type de raisonnement;2;Logique > Raisonnements;Logique > Raisonnements;;D45;detaguer
f98164b1-031d-4ff9-8d16-8c97ebe485f6;Donner un contre-exemple;1_SPE;Logique > Raisonnements > contre-exemple;Logique > Raisonnements > contre-exemple;;D46;detaguer
f98164b1-031d-4ff9-8d16-8c97ebe485f6;Donner un contre-exemple;2;Logique > Raisonnements > contre-exemple;Logique > Raisonnements > contre-exemple;2-212;A212;confirme
cd4f9fb3-9deb-402d-8fa5-278ef5089d61;Inverse d'une matrice carrée d'ordre 2;T_EXP;Matrices > Calcul matriciel > inverse;Matrices > Calcul matriciel > inverse;TEXP-338;A213;confirme
a45c83ab-d85b-4958-b43c-223342a81acc;Opérations sur les matrices : somme, combinaison linéaire;T_EXP;Matrices > Calcul matriciel > opérations;Matrices > Calcul matriciel > opérations;TEXP-319;C33;choisir
e90997eb-3058-460e-b120-9c045d2114e6;Produit de matrices : AB, matrice × colonne, ligne × matrice;T_EXP;Matrices > Calcul matriciel > produit;Matrices > Calcul matriciel > opérations;TEXP-319;A214;deplacer_modele
1820cab8-ab88-4365-bc13-d44c5e234c49;Puissances d'une matrice carrée;T_EXP;Matrices > Calcul matriciel > puissances de matrices;Matrices > Calcul matriciel > puissances de matrices;TEXP-339;A215;confirme
7d094336-5d95-4530-9374-7d767348f456;Modéliser une situation par une matrice;T_EXP;Matrices > Suites et matrices > modélisation;Matrices > Suites et matrices;TEXP-336;A216;confirme
7a28103b-435d-4f7d-a583-44d9269ff4a1;Suites de matrices colonnes Uₙ₊₁ = AUₙ + C;T_EXP;Matrices > Suites et matrices > suites couplées;Matrices > Suites et matrices > suites couplées;TEXP-341;A217;confirme
9a6087c5-34e9-448e-9805-b05a4484d144;Systèmes linéaires et calcul matriciel;T_EXP;Matrices > Systèmes linéaires;Matrices > Systèmes linéaires > résolution;TEXP-340;D47;deplacer_modele
93539700-7047-4edd-98fa-85a80276931e;Image d'un point par une transformation, composée = produit de matrices;T_EXP;Matrices > Transformations du plan > matrice d'une transformation;Matrices > Transformations du plan > matrice d'une transformation;TEXP-323;A218;confirme
8d69e3a9-3b97-4ec5-a768-adac14a53ca3;Matrice d'une rotation, d'une symétrie, d'une homothétie;T_EXP;Matrices > Transformations du plan > matrice d'une transformation;Matrices > Transformations du plan > matrice d'une transformation;TEXP-323;A219;confirme
f680361c-58ec-4f63-8e00-2b4399298977;Calculer avec des nombres complexes sous forme algébrique;T_EXP;Nombres complexes > Forme algébrique > calculs;Nombres complexes > Forme algébrique > calculs;TEXP-206;A220;confirme
466954a9-c86e-4692-856f-96c400b72817;Conjugué d'un nombre complexe et ses propriétés;T_EXP;Nombres complexes > Forme algébrique > conjugaison;Nombres complexes > Forme algébrique > conjugaison;TEXP-203;A221;confirme
2dcb4b3c-e5ad-4b8b-9728-1b4e614bcba1;Inverse et quotient de nombres complexes;T_EXP;Nombres complexes > Forme algébrique > inverse et quotient;Nombres complexes > Forme algébrique > inverse et quotient;TEXP-204;A222;confirme
8b435b9d-ca30-44db-b4ce-1e1bd581387d;Résoudre une équation du premier degré dans ℂ, avec z ou son conjugué;T_EXP;Nombres complexes > Forme algébrique > équations;Nombres complexes > Forme algébrique > équations;TEXP-207;C34;choisir
a3fce9d4-948e-4042-b015-5c11feaee488;Passer de la forme exponentielle ou trigonométrique à la forme algébrique;T_EXP;Nombres complexes > Formes trigo. et exponentielle;Nombres complexes > Formes trigo. et exponentielle;TEXP-238;A223;confirme
b125d1dd-4cac-407d-a0a5-7485741de66f;Passer de la forme algébrique à la forme exponentielle;T_EXP;Nombres complexes > Formes trigo. et exponentielle > forme exponentielle;Nombres complexes > Formes trigo. et exponentielle > forme exponentielle;TEXP-237;A224;confirme
bbd211a5-536a-4d7a-bc3e-4d578d9caf68;Produit, quotient, puissance et inverse sous forme exponentielle;T_EXP;Nombres complexes > Formes trigo. et exponentielle > forme exponentielle;Nombres complexes > Formes trigo. et exponentielle > forme exponentielle;TEXP-239;A225;confirme
18ff6a91-3e94-4391-81a8-037af4ce1470;Calculer une puissance avec la formule de Moivre;T_EXP;Nombres complexes > Formes trigo. et exponentielle > formule de Moivre;Nombres complexes > Formes trigo. et exponentielle > formule de Moivre;TEXP-241;C35;choisir
45d1cdd6-9c17-4b83-be67-067df8c3f816;Formules d'Euler et de Moivre, formules d'addition et de duplication;T_EXP;Nombres complexes > Formes trigo. et exponentielle > formules d'Euler;Nombres complexes > Formes trigo. et exponentielle > formules d'Euler;TEXP-240;A226;confirme
7690e290-8eaa-4729-9d34-6fd58107e294;Affixe d'un vecteur, distance, milieu, parallélogramme;T_EXP;Nombres complexes > Interprétation géométrique > affixes et distances;Nombres complexes > Interprétation géométrique > affixes et distances;TEXP-223;C36;choisir
d400a330-ede5-4167-ab2a-1919eeed2468;Alignement ou orthogonalité par un quotient de nombres complexes;T_EXP;Nombres complexes > Interprétation géométrique > alignement et orthogonalité;Nombres complexes > Interprétation géométrique > alignement et orthogonalité;TEXP-260;C37;choisir
7ff99f85-b7a4-4d4a-a346-46f8593bd7ca;Angle et rapport de longueurs par le quotient (z_C − z_A)/(z_B − z_A);T_EXP;Nombres complexes > Interprétation géométrique > angles et quotient;Nombres complexes > Interprétation géométrique > angles et quotient;TEXP-263;A227;confirme
f2133048-6672-4519-ba1c-133c3f59cea0;Ensembles de points et images de z̄, iz dans le plan complexe;T_EXP;Nombres complexes > Interprétation géométrique > ensembles de points;Nombres complexes > Interprétation géométrique > ensembles de points;TEXP-264;A228;confirme
2bf66851-c1e0-4531-b2eb-153803a573bf;Racines n-ièmes de l'unité et polygones réguliers;T_EXP;Nombres complexes > Interprétation géométrique > racines de l'unité;Nombres complexes > Interprétation géométrique > racines de l'unité;TEXP-265;C38;choisir
622c0802-8474-416c-b145-44a8f13a33dc;Module et argument principal d'un nombre complexe;T_EXP;Nombres complexes > Module et argument > argument;Nombres complexes > Module et argument > argument;TEXP-221;A229;confirme
50b81c94-8062-4b37-985c-07291de9466a;Module d'un nombre complexe;T_EXP;Nombres complexes > Module et argument > module;Nombres complexes > Module et argument > module;TEXP-220;A230;confirme
acd9104c-e29e-4df6-89cc-3d549a21b3fb;Factoriser un polynôme dont une racine est connue, équation de degré 3;T_EXP;Nombres complexes > Équations polynomiales > degré 3 et factorisation;Nombres complexes > Équations polynomiales > degré 3 et factorisation;TEXP-249;C39;choisir
6ff00846-f06d-49f3-b6cb-336821ea8649;Nombre de racines d'un polynôme, racines conjuguées;T_EXP;Nombres complexes > Équations polynomiales > racines d'un polynôme;Nombres complexes > Équations polynomiales > racines d'un polynôme;TEXP-246;A231;confirme
293f8225-0268-48bc-8487-52c6bf5b01e3;Racines d'un polynôme : compter les solutions, compléter par conjugaison;T_EXP;Nombres complexes > Équations polynomiales > racines d'un polynôme;Nombres complexes > Équations polynomiales > racines d'un polynôme;TEXP-246;A232;confirme
760093ec-400a-4774-beb7-ca9d2cb389fb;Résoudre une équation du second degré à coefficients réels (Δ < 0);T_EXP;Nombres complexes > Équations polynomiales > second degré;Nombres complexes > Équations polynomiales > second degré;TEXP-247;A233;confirme
0d2edda7-1d90-46ee-b07d-792ebbd43849;Vrai ou Faux : racines et opérations;2;Nombres et calculs > Racines carrées : calculs > propriétés;Nombres et calculs > Racines carrées : calculs > propriétés;2-261;C40;choisir
498d6d3e-f7bc-4146-934e-b35184a99d8d;Vérifier l'égalité de deux expressions comportant des racines carrées;2;Nombres et calculs > Racines carrées : sens et écritures > égalités;Nombres et calculs > Racines carrées : calculs > propriétés;2-261;D50;deplacer_modele
f57c0a5a-c76f-402d-8c94-49718f112ac2;Réduire une expression avec des racines carrées;2;Nombres et calculs > Racines carrées : sens et écritures > réduire;Nombres et calculs > Racines carrées : calculs > techniques de calcul;2-271;D49;fusionner_sous_notions
b1e27739-f316-47b0-b820-989d5b94af10;Réduire une racine carrée;2;Nombres et calculs > Racines carrées : sens et écritures > réduire;Nombres et calculs > Racines carrées : calculs > techniques de calcul;2-271;D48;fusionner_sous_notions
3cfcc718-445a-42f5-8d5e-fe4d8339f4bf;Loi à densité : probabilité = aire sous la courbe, constante de normalisation;T_COMP;Probabilités > Autres lois > densité et aire;Probabilités > Autres lois > densité et aire;TCOMP-315;C41;choisir
df88eea9-eb08-427a-9d19-6037a481ad40;Espérance d'une loi à densité par une intégrale;T_COMP;Probabilités > Autres lois > espérance et variance;Probabilités > Autres lois > espérance et variance;TCOMP-316;A234;confirme
c6b5894c-c753-4dc4-b92b-18702b1f1f81;Loi exponentielle : probabilités, espérance, absence de mémoire;T_COMP;Probabilités > Autres lois > loi exponentielle;Probabilités > Autres lois > loi exponentielle;TCOMP-312;A235;confirme
13e2d419-770b-4e97-a2f8-972d467cf2fc;Loi géométrique : P(X = k), P(X ⩽ k), espérance, absence de mémoire;T_COMP;Probabilités > Autres lois > loi géométrique;Probabilités > Autres lois > loi géométrique;TCOMP-298;A236;confirme
13e2d419-770b-4e97-a2f8-972d467cf2fc;Loi géométrique : P(X = k), P(X ⩽ k), espérance, absence de mémoire;T_SPE;Probabilités > Autres lois > loi géométrique;Probabilités > Autres lois > loi géométrique;TSPE-516;A237;confirme
89e16891-1301-4b1c-af75-a8f03ba0dcdb;"Loi uniforme sur [a ; b] : probabilités et espérance";T_COMP;Probabilités > Autres lois > loi uniforme continue;Probabilités > Autres lois > loi uniforme continue;TCOMP-311;A238;confirme
3cb90b97-2ec4-4050-973e-4b194aa65fb3;Loi uniforme sur {1, …, n} : probabilités et espérance;T_COMP;Probabilités > Autres lois > loi uniforme discrète;Probabilités > Autres lois > loi uniforme discrète;TCOMP-285;A239;confirme
dbee4649-3ab6-49f0-8a5e-5814ce15ba43;Loi binomiale et loi de Bernoulli : espérance, variance, écart type;T_COMP;Probabilités > Loi binomiale > espérance et variance;Probabilités > Loi binomiale > espérance et variance;TCOMP-291;A243;confirme
dbee4649-3ab6-49f0-8a5e-5814ce15ba43;Loi binomiale et loi de Bernoulli : espérance, variance, écart type;T_SPE;Probabilités > Loi binomiale > espérance et variance;Probabilités > Loi binomiale > espérance et variance;TSPE-522;A244;confirme
a95a9c0d-0d5d-4a5a-ab50-294e12bb7f47;Loi binomiale : P(X = k), P(X = 0), P(X ⩾ 1) à la main (n ⩽ 5);T_COMP;Probabilités > Loi binomiale > calcul de probabilités;Probabilités > Loi binomiale > expression de la loi;TCOMP-290;A240;autre_point
6c80b4ec-541d-47dc-a652-13b51f9b8b9b;Loi binomiale : utiliser une table de P(X ⩽ k);T_COMP;Probabilités > Loi binomiale > calcul de probabilités;Probabilités > Loi binomiale > expression de la loi;TCOMP-297;A241;confirme
a95a9c0d-0d5d-4a5a-ab50-294e12bb7f47;Loi binomiale : P(X = k), P(X = 0), P(X ⩾ 1) à la main (n ⩽ 5);T_SPE;Probabilités > Loi binomiale > calcul de probabilités;Probabilités > Loi binomiale > expression de la loi;TSPE-510;A242;confirme
6c80b4ec-541d-47dc-a652-13b51f9b8b9b;Loi binomiale : utiliser une table de P(X ⩽ k);T_SPE;Probabilités > Loi binomiale > calcul de probabilités;Probabilités > Loi binomiale > expression de la loi;TSPE-510;C42;choisir
30b597c3-a350-4027-8c6f-b6678ab0868f;Bernoulli, binomiale ou géométrique : identifier la loi;T_COMP;Probabilités > Loi binomiale > reconnaître une loi;Probabilités > Loi binomiale > schéma de Bernoulli;TCOMP-295;A245;confirme
4ff9d049-afd9-4fd2-be40-f8e242923af4;Loi binomiale : identifier les paramètres n et p;T_COMP;Probabilités > Loi binomiale > schéma de Bernoulli;Probabilités > Loi binomiale > schéma de Bernoulli;TCOMP-295;C43;deplacer_modele
30b597c3-a350-4027-8c6f-b6678ab0868f;Bernoulli, binomiale ou géométrique : identifier la loi;T_SPE;Probabilités > Loi binomiale > reconnaître une loi;Probabilités > Loi binomiale > schéma de Bernoulli;TSPE-508;A246;confirme
4ff9d049-afd9-4fd2-be40-f8e242923af4;Loi binomiale : identifier les paramètres n et p;T_SPE;Probabilités > Loi binomiale > schéma de Bernoulli;Probabilités > Loi binomiale > schéma de Bernoulli;TSPE-508;A247;confirme
9d7c4d98-c7fe-4c2e-8993-d162294e1dde;Compléter une branche d'un arbre pondéré;2;Probabilités > Probabilités conditionnelles > arbres pondérés;Probabilités > Probabilités conditionnelles > arbres pondérés;2-398;A248;confirme
1cfc575d-e122-406d-9b4e-60556d3260a5;Probabilité d'un chemin dans un arbre pondéré;2;Probabilités > Probabilités conditionnelles > arbres pondérés;Probabilités > Probabilités conditionnelles > arbres pondérés;2-399;A249;confirme
36010981-8f6b-4b95-bc86-4fcbf87be4ac;Probabilité d'une réunion d'événements indépendants;1_SPE;Probabilités > Probabilités conditionnelles > indépendance;Probabilités > Probabilités conditionnelles > indépendance;1SPE-341;A250;confirme
ebe7e788-3fdc-4d48-8429-ecc959f35349;Tester l'indépendance de deux événements;1_SPE;Probabilités > Probabilités conditionnelles > indépendance;Probabilités > Probabilités conditionnelles > indépendance;1SPE-341;A251;confirme
2c116f4d-d7ef-4d8c-8114-9f113a983c4c;Contrôle qualité : d'où vient la pièce défectueuse ?;1_SPE;Probabilités > Probabilités conditionnelles > problèmes en contexte;Probabilités > Probabilités conditionnelles > inversion du conditionnement;;D56;deplacer_modele
69a05f98-9dd9-4ce5-b23e-5376e85fbbaf;Probabilité « inverse » à partir d'un arbre;1_SPE;Probabilités > Probabilités conditionnelles > arbres pondérés;Probabilités > Probabilités conditionnelles > inversion du conditionnement;;D53;deplacer_modele
a9c71276-30e3-406f-8082-248cce389824;Test de dépistage;1_SPE;Probabilités > Probabilités conditionnelles > problèmes en contexte;Probabilités > Probabilités conditionnelles > inversion du conditionnement;;D57;deplacer_modele
2c116f4d-d7ef-4d8c-8114-9f113a983c4c;Contrôle qualité : d'où vient la pièce défectueuse ?;2;Probabilités > Probabilités conditionnelles > problèmes en contexte;Probabilités > Probabilités conditionnelles > inversion du conditionnement;2-400;ajout;ajout 2de
69a05f98-9dd9-4ce5-b23e-5376e85fbbaf;Probabilité « inverse » à partir d'un arbre;2;Probabilités > Probabilités conditionnelles > arbres pondérés;Probabilités > Probabilités conditionnelles > inversion du conditionnement;2-400;ajout;ajout 2de
a9c71276-30e3-406f-8082-248cce389824;Test de dépistage;2;Probabilités > Probabilités conditionnelles > problèmes en contexte;Probabilités > Probabilités conditionnelles > inversion du conditionnement;2-400;ajout;ajout 2de
6dd2f133-e203-4cf6-a422-6a0e716203f3;Construire un arbre pondéré à partir d'un énoncé;1_SPE;Probabilités > Probabilités conditionnelles > arbres pondérés;Probabilités > Probabilités conditionnelles > probabilités totales;1SPE-340;D54;"detaguer ; David : D54 : sous « probabilités totales » avec 1SPE-340 (à scinder) ; l'ajout 2de 2-393 tombe (2-393 est sous « arbres pondérés »)"
5ba712bc-fda7-4d3c-80ee-b2aa8de6cc4f;Formule des probabilités totales;1_SPE;Probabilités > Probabilités conditionnelles > arbres pondérés;Probabilités > Probabilités conditionnelles > probabilités totales;1SPE-340;D52;deplacer_modele
77d6fedc-1643-4451-a685-2451dc1616cb;Parmi les… : modéliser un tableau croisé ou un sondage;2;Probabilités > Probabilités conditionnelles > problèmes en contexte;Probabilités > Probabilités conditionnelles > tableaux croisés;2-395;A252;confirme
cf548ea1-2333-42f8-8d6c-e5af54f2b492;Tableau croisé : intersection et probabilité d'un événement;2;Probabilités > Probabilités conditionnelles > tableaux croisés;Probabilités > Probabilités conditionnelles > tableaux croisés;2-395;A253;autre_point
f3e68e4b-9855-4e91-bc0d-7363b7650b86;Tableau croisé : probabilité de A sachant B;2;Probabilités > Probabilités conditionnelles > tableaux croisés;Probabilités > Probabilités conditionnelles > tableaux croisés;2-396;A254;confirme
4016b05c-f6cf-4fe1-a1e8-19067a57a931;Tableau croisé : probabilités conditionnelles sachant A;2;Probabilités > Probabilités conditionnelles > tableaux croisés;Probabilités > Probabilités conditionnelles > tableaux croisés;2-396;A255;confirme
d5780995-4cd1-49f9-af54-45edca0a27b8;Deux épreuves indépendantes : « au moins une fois »;1_SPE;Probabilités > Probabilités conditionnelles > indépendance;Probabilités > Probabilités conditionnelles > épreuves indépendantes successives;1SPE-338;D55;deplacer_modele
0943e867-e639-45f5-939d-df7492d0ecaf;Inégalité de Bienaymé-Tchebychev;T_SPE;Probabilités > Sommes et concentration > Bienaymé-Tchebychev;Probabilités > Sommes et concentration > Bienaymé-Tchebychev;TSPE-530;A256;confirme
71cb8ab7-664a-45f6-83b0-6b0739ebb5a1;Somme de variables aléatoires : espérance et variance;T_SPE;Probabilités > Sommes et concentration > espérance et variance d'une somme;Probabilités > Sommes et concentration > espérance et variance d'une somme;TSPE-527;C44;choisir
91db0034-86d4-49bf-b190-0884db19e9b7;Inégalité de concentration : majorant et taille d'échantillon;T_SPE;Probabilités > Sommes et concentration > inégalité de concentration;Probabilités > Sommes et concentration > inégalité de concentration;TSPE-533;A257;confirme
aced2e6c-0f00-49ac-bcde-821d2bc91e9b;Échantillon de taille n : espérance et variance de Sₙ et Mₙ;T_SPE;Probabilités > Sommes et concentration > échantillons;Probabilités > Sommes et concentration > échantillons;TSPE-524;C45;choisir
6fbc355c-aca7-4e2e-8a55-78b3a5722e17;Espérance à partir d'un énoncé;1_SPE;Probabilités > Variables aléatoires > espérance;Probabilités > Variables aléatoires > espérance;1SPE-356;A260;confirme
8354a0e7-f707-48e0-ac3d-f43cc5b2e2fa;Espérance à partir de la loi;1_SPE;Probabilités > Variables aléatoires > espérance;Probabilités > Variables aléatoires > espérance;1SPE-356;A261;confirme
eafd17a1-6e78-4bf3-932c-da806ac9d889;Gain algébrique moyen;1_SPE;Probabilités > Variables aléatoires > jeux et gains;Probabilités > Variables aléatoires > espérance;1SPE-358;A262;autre_point
a3f92832-2daf-4f00-94b5-68b57275e93a;Interpréter une espérance;1_SPE;Probabilités > Variables aléatoires > espérance;Probabilités > Variables aléatoires > espérance;1SPE-349;A258;confirme
0718f490-bfdd-4a62-b78f-b15753c27d8a;Jeu favorable, équitable ou défavorable;1_SPE;Probabilités > Variables aléatoires > jeux et gains;Probabilités > Variables aléatoires > espérance;1SPE-358;A263;confirme
0417223e-923d-4ae2-b25c-89b60f4c7631;Linéarité de l'espérance;1_SPE;Probabilités > Variables aléatoires > espérance;Probabilités > Variables aléatoires > espérance;1SPE-351;A259;confirme
ad555cb1-c4a2-4390-ad14-6a626b39e0fb;Mise rendant un jeu équitable;1_SPE;Probabilités > Variables aléatoires > jeux et gains;Probabilités > Variables aléatoires > espérance;1SPE-358;A264;confirme
f3addbe3-7254-483f-a640-0ea75e23dc69;Compléter une loi : deux probabilités manquantes liées;1_SPE;Probabilités > Variables aléatoires > compléter une loi;Probabilités > Variables aléatoires > loi d'une variable aléatoire;1SPE-348;D60;fusionner_sous_notions
7e9b9b32-0d7a-4bd9-89f3-af0dd3a95431;Compléter une loi : trouver le paramètre p;1_SPE;Probabilités > Variables aléatoires > compléter une loi;Probabilités > Variables aléatoires > loi d'une variable aléatoire;1SPE-348;D58;fusionner_sous_notions
b83f1392-a1b1-4c2d-8f04-599b92dbe6c0;Compléter une loi : une probabilité manquante;1_SPE;Probabilités > Variables aléatoires > compléter une loi;Probabilités > Variables aléatoires > loi d'une variable aléatoire;1SPE-348;D59;fusionner_sous_notions
448894f3-f0e8-459d-91db-fc81433038c2;Lire une probabilité dans le tableau de la loi;1_SPE;Probabilités > Variables aléatoires > loi d'une variable aléatoire;Probabilités > Variables aléatoires > loi d'une variable aléatoire;1SPE-353;A265;confirme
570f91d5-75e6-4af8-b22b-67fae6c4bde1;Probabilité d'un événement du type X ≥ a, X < a ou a ≤ X ≤ b;1_SPE;Probabilités > Variables aléatoires > loi d'une variable aléatoire;Probabilités > Variables aléatoires > loi d'une variable aléatoire;1SPE-353;A266;confirme
97b3a376-01de-42cd-8297-b0f7937e38f1;Probabilité d'une valeur de X à partir d'un énoncé;1_SPE;Probabilités > Variables aléatoires > loi d'une variable aléatoire;Probabilités > Variables aléatoires > loi d'une variable aléatoire;1SPE-353;C46;choisir
d683e906-b1ca-44f0-bed5-8df2a9740b11;Probabilités de la loi de X à partir d'un arbre pondéré;1_SPE;Probabilités > Variables aléatoires > loi d'une variable aléatoire;Probabilités > Variables aléatoires > loi d'une variable aléatoire;1SPE-355;A267;confirme
2af6296f-7863-40db-89de-eda542be5e45;Variance à partir de la loi;1_SPE;Probabilités > Variables aléatoires > variance et écart-type;Probabilités > Variables aléatoires > variance et écart-type;1SPE-357;A268;confirme
35ad8891-e0bc-4666-a7e1-8cf917927f9f;Écart-type : valeur arrondie;1_SPE;Probabilités > Variables aléatoires > variance et écart-type;Probabilités > Variables aléatoires > variance et écart-type;1SPE-357;A269;confirme
bad86bec-f4e9-4b2d-b238-7a7339e3f77f;Écart-type : valeur exacte;1_SPE;Probabilités > Variables aléatoires > variance et écart-type;Probabilités > Variables aléatoires > variance et écart-type;1SPE-357;A270;confirme
c4372fd8-eb9d-4d62-a01a-7ab7618eed4b;Appliquer une évolution en pourcentage;2;Proportionnalité > Évolutions > variations en pourcentage;Proportionnalité > Évolutions > variations en pourcentage;2-377;A271;confirme
1c443c35-ef93-4dc5-8635-b7ddcea32b77;Retrouver la valeur initiale avant une évolution;2;Proportionnalité > Évolutions > variations en pourcentage;Proportionnalité > Évolutions > variations en pourcentage;2-377;A272;confirme
d98aa53a-2a3f-4c2f-b702-9abbc5065e6a;Trouver le coefficient multiplicateur;2;Proportionnalité > Évolutions > variations en pourcentage;Proportionnalité > Évolutions > variations en pourcentage;2-366;A273;autre_point
e12e58cb-1630-4bfe-bb43-5726c325a918;Trouver le coefficient multiplicateur;2;Proportionnalité > Évolutions > variations en pourcentage;Proportionnalité > Évolutions > variations en pourcentage;2-366;A274;autre_point
2562438e-4ad7-4c95-b9a4-0b3534ceaed0;Trouver le pourcentage d'augmentation;2;Proportionnalité > Évolutions > variations en pourcentage;Proportionnalité > Évolutions > variations en pourcentage;2-367;C47;choisir
e05bb79b-f304-4bab-a856-ee73b5a20e6a;Trouver le pourcentage de diminution;2;Proportionnalité > Évolutions > variations en pourcentage;Proportionnalité > Évolutions > variations en pourcentage;2-367;C48;choisir
8b59ca4b-9a09-49df-a10c-4f3772176d46;Coefficient multiplicateur d'une évolution répétée;1_SPE;Proportionnalité > Évolutions > variations en pourcentage;Proportionnalité > Évolutions > évolutions successives et réciproque;;D61;deplacer_modele
8b59ca4b-9a09-49df-a10c-4f3772176d46;Coefficient multiplicateur d'une évolution répétée;2;Proportionnalité > Évolutions > variations en pourcentage;Proportionnalité > Évolutions > évolutions successives et réciproque;2-378;ajout;ajout 2de
36abc642-aa7a-44a2-8597-4246fc62069c;Composer deux évolutions successives;2;Proportionnalité > Évolutions > variations en pourcentage;Proportionnalité > Évolutions > évolutions successives et réciproque;2-378;D62;deplacer_modele
bbd511cb-73fe-4b91-9b50-06d001f5b666;Trouver le taux d'évolution réciproque;2;Proportionnalité > Évolutions > variations en pourcentage;Proportionnalité > Évolutions > évolutions successives et réciproque;2-379;D63;deplacer_modele
49fac266-f622-4ef5-8a2b-5638ca5a4c99;Ajustement affine : interpréter le coefficient directeur, l'ordonnée à l'origine et r;T_COMP;Statistiques > Statistique à deux variables > ajustement affine;Statistiques > Statistique à deux variables > ajustement affine;TCOMP-328;A275;autre_point
a573d517-be46-442b-a298-03469d286e79;Droite de régression donnée par la calculatrice : estimer une valeur;T_COMP;Statistiques > Statistique à deux variables > ajustement affine;Statistiques > Statistique à deux variables > ajustement affine;TCOMP-328;C49;choisir
17f35a67-b665-4c4c-9ebf-f0b413ca43d9;Ajustement par changement de variable z = ln(y);T_COMP;Statistiques > Statistique à deux variables > changement de variable;Statistiques > Statistique à deux variables > changement de variable;TCOMP-323;A276;confirme
a6cc7712-b21a-4d85-9cfe-52b0eda74faf;Nuage de points : sens et intensité de la liaison (coefficient de corrélation);T_COMP;Statistiques > Statistique à deux variables > nuage de points;Statistiques > Statistique à deux variables > coefficient de corrélation;TCOMP-322;A277;deplacer_modele
1c65d58e-8596-4e11-b917-6c8a86d8ef0f;Statistique à deux variables : coordonnées du point moyen;T_COMP;Statistiques > Statistique à deux variables > point moyen;Statistiques > Statistique à deux variables > point moyen;TCOMP-326;A278;confirme
31a77ba9-520c-4f35-82b3-066492b512c1;Valeur renvoyée par une fonction Python qui calcule un terme;1_SPE;Suites > Suites et modélisation > algorithmes;Suites > Généralités sur les suites;1SPE-236;A313;confirme
f36ce3ff-9ae5-435e-b6c2-affe0ad902ec;Calculer un terme;1_SPE;Suites > Généralités sur les suites > calculer un terme;Suites > Généralités sur les suites > explicite ou par récurrence;1SPE-223;A283;confirme
0495289a-abb1-4fed-b058-5e924a5f05ed;Calculer un terme;1_SPE;Suites > Généralités sur les suites > calculer un terme;Suites > Généralités sur les suites > explicite ou par récurrence;1SPE-223;A279;confirme
1239554b-d442-4be6-8867-d9dc38311999;Calculer un terme;1_SPE;Suites > Généralités sur les suites > calculer un terme;Suites > Généralités sur les suites > explicite ou par récurrence;1SPE-223;A280;confirme
7703e625-8a3e-48bd-b4d3-245201766457;Calculer un terme;1_SPE;Suites > Généralités sur les suites > calculer un terme;Suites > Généralités sur les suites > explicite ou par récurrence;1SPE-223;A281;confirme
79d69593-e815-496c-b429-637a1cd68b4d;Calculer un terme;1_SPE;Suites > Généralités sur les suites > calculer un terme;Suites > Généralités sur les suites > explicite ou par récurrence;1SPE-223;A282;confirme
158ecaa4-7fa7-4313-a6be-bf60fc538ab6;Exprimer le terme suivant;1_SPE;Suites > Généralités sur les suites > explicite ou par récurrence;Suites > Généralités sur les suites > explicite ou par récurrence;1SPE-212;A284;confirme
4f8f420a-c93b-4d99-8fe2-acfac2d38cbe;Associer une formule à un nuage de points;1_SPE;Suites > Généralités sur les suites > représentation graphique;Suites > Généralités sur les suites > représentation graphique;1SPE-221;A285;confirme
8d4e5302-a133-441d-a618-69abb9cb4b63;Lire le premier terme et la raison sur un graphique;1_SPE;Suites > Généralités sur les suites > représentation graphique;Suites > Généralités sur les suites > représentation graphique;1SPE-221;A286;confirme
a430a698-851d-40b9-b4b0-146153788397;Lire un terme sur un graphique;1_SPE;Suites > Généralités sur les suites > représentation graphique;Suites > Généralités sur les suites > représentation graphique;1SPE-221;A287;confirme
1bbfa5f2-1c32-4a81-92cf-b9e7c5996977;Calculer la différence de deux termes consécutifs;1_SPE;Suites > Généralités sur les suites > sens de variation;Suites > Généralités sur les suites > sens de variation;1SPE-219;A288;confirme
bf3e3211-3dc9-4a91-964a-eb8a68350903;Conjecturer le sens de variation d'une suite sur un nuage de points;1_SPE;Suites > Généralités sur les suites > sens de variation;Suites > Généralités sur les suites > sens de variation;1SPE-219;A289;confirme
ecba8a9e-bedb-478d-a324-a4f3fbdb3967;Sens de variation à partir du signe de u(n+1) − u(n);1_SPE;Suites > Généralités sur les suites > sens de variation;Suites > Généralités sur les suites > sens de variation;1SPE-219;A290;confirme
98ba277c-b99f-4e3f-b33c-8138755eb917;Limite par encadrement : théorème des gendarmes;T_COMP;Suites > Limites de suites > comparaison et encadrement;Suites > Limites de suites > comparaison et encadrement;TCOMP-205;A291;confirme
7063979e-b3b5-4b12-8ff9-e6df2c05b23c;Limite infinie par comparaison : minoration, majoration;T_SPE;Suites > Limites de suites > comparaison et encadrement;Suites > Limites de suites > comparaison et encadrement;TSPE-381;A292;autre_point
98ba277c-b99f-4e3f-b33c-8138755eb917;Limite par encadrement : théorème des gendarmes;T_SPE;Suites > Limites de suites > comparaison et encadrement;Suites > Limites de suites > comparaison et encadrement;TSPE-402;A293;autre_point
2bf6edc7-e12f-450e-951c-cbf2b20b1e19;Suite monotone et bornée : que peut-on conclure ?;T_SPE;Suites > Limites de suites > convergence monotone;Suites > Limites de suites > convergence monotone;TSPE-384;A294;autre_point
849aabbc-4576-4644-a5c6-5b840b4dbbb9;Déterminer la limite d'une suite;1_SPE;Suites > Limites de suites > définition;Suites > Limites de suites > définition;1SPE-231;A295;confirme
c0f49b76-fe50-44cf-80b6-3ee8ee5ab9f5;Définition de la limite : un rang à partir duquel tous les termes conviennent;T_SPE;Suites > Limites de suites > définition;Suites > Limites de suites > définition;TSPE-378;C50;choisir
c611f92b-490e-468f-935a-06ec654fb3de;Limite d'une suite : lever une forme indéterminée;T_SPE;Suites > Limites de suites > formes indéterminées;Suites > Limites de suites > formes indéterminées;TSPE-402;C51;choisir
94e4d691-ad7e-4e7a-9130-acb805864764;Limite d'une suite par opérations, sans forme indéterminée;T_COMP;Suites > Limites de suites > opérations;Suites > Limites de suites > opérations;TCOMP-204;A296;confirme
94e4d691-ad7e-4e7a-9130-acb805864764;Limite d'une suite par opérations, sans forme indéterminée;T_SPE;Suites > Limites de suites > opérations;Suites > Limites de suites > opérations;TSPE-402;A298;autre_point
07bce646-6a88-4b7c-aaf6-fe07ffa63ed6;Opérations sur les limites;T_SPE;Suites > Limites de suites > opérations;Suites > Limites de suites > opérations;TSPE-382;A297;confirme
708f8a08-31c0-49f2-85f9-8f9b8a2b4a44;Limite d'une somme de termes d'une suite géométrique;T_COMP;Suites > Limites de suites > suites géométriques;Suites > Limites de suites > suites géométriques;TCOMP-210;A300;confirme
1ebd1c86-7970-49c9-a373-74ba4d71d9ec;Limite de a × qⁿ + b, raison positive;T_COMP;Suites > Limites de suites > suites géométriques;Suites > Limites de suites > suites géométriques;TCOMP-209;A299;confirme
708f8a08-31c0-49f2-85f9-8f9b8a2b4a44;Limite d'une somme de termes d'une suite géométrique;T_SPE;Suites > Limites de suites > suites géométriques;Suites > Limites de suites > suites géométriques;TSPE-402;A301;autre_point
1ebd1c86-7970-49c9-a373-74ba4d71d9ec;Limite de a × qⁿ + b, raison positive;T_SPE;Suites > Limites de suites > suites géométriques;Suites > Limites de suites > suites géométriques;TSPE-402;A302;autre_point
ea9d2de8-70df-4481-a658-d319702d57ab;Limite de qⁿ pour une raison négative;T_SPE;Suites > Limites de suites > suites géométriques;Suites > Limites de suites > suites géométriques;TSPE-383;A303;autre_point
b59fe450-e57a-4dfc-8aa7-29337b3fa28f;Suite majorée, minorée ou bornée;T_SPE;Suites > Limites de suites > suites majorées, minorées;Suites > Limites de suites > suites majorées, minorées;;D69;"deplacer_modele ; David : D69 : reste, sans point"
c90fa022-9493-4812-adb7-c785babee9d4;Intérêts simples ou composés : nature de la suite;1_SPE;Suites > Suites et modélisation > placements;Suites > Modèles d'évolution;1SPE-230;A314;confirme
27d77564-e109-4681-8a64-13a3ee1729cd;Valeur d'un placement à intérêts simples ou composés;1_SPE;Suites > Suites et modélisation > placements;Suites > Modèles d'évolution;1SPE-230;A315;confirme
aeb1389d-0805-4421-9b25-1fcb4e4f4670;Évolution en pourcentage et suite géométrique;1_SPE;Suites > Suites et modélisation > pourcentages;Suites > Modèles d'évolution;1SPE-230;A316;confirme
eb9517ed-85ed-4702-b8d0-e155f5a5d474;Seuil d'une suite arithmétique par le calcul;1_SPE;Suites > Suites et modélisation > seuil;Suites > Modèles d'évolution > seuil;1SPE-237;A317;confirme
0b686e01-725c-448d-9e10-b295cf9b4128;Seuil d'une suite géométrique avec un tableau de valeurs;1_SPE;Suites > Suites et modélisation > seuil;Suites > Modèles d'évolution > seuil;1SPE-237;A318;confirme
19961e67-88c4-43bf-a76b-6a2af61dedf3;Valeur renvoyée par une fonction Python de seuil;1_SPE;Suites > Suites et modélisation > algorithmes;Suites > Modèles d'évolution > seuil;1SPE-237;A312;deplacer_modele
f1963ef2-4618-4ae7-9491-9955dacd0258;Seuil : plus petit entier n tel que qⁿ dépasse une valeur (logarithme);T_COMP;Suites > Suites et modélisation > seuil;Suites > Modèles d'évolution > seuil;TCOMP-239;A319;confirme
f1963ef2-4618-4ae7-9491-9955dacd0258;Seuil : plus petit entier n tel que qⁿ dépasse une valeur (logarithme);T_SPE;Suites > Suites et modélisation > seuil;Suites > Modèles d'évolution > seuil;TSPE-387;D81;retaguer
618d795c-5f19-49ba-be65-9a9ecd491e70;Raisonnement par récurrence : hypothèse, hérédité, initialisation;T_SPE;Suites > Raisonnement par récurrence > structure d'une récurrence;Suites > Raisonnement par récurrence > structure d'une récurrence;TSPE-386;A304;confirme
81ff485d-b40a-4778-bb95-43c3c17818f2;Suite arithmético-géométrique : solution constante et limite;T_COMP;Suites > Suites arithmético-géométriques > solution constante;Suites > Suites arithmético-géométriques > solution constante;TCOMP-213;A305;confirme
81ff485d-b40a-4778-bb95-43c3c17818f2;Suite arithmético-géométrique : solution constante et limite;T_SPE;Suites > Suites arithmético-géométriques > solution constante;Suites > Suites arithmético-géométriques > solution constante;;D70;detaguer
9f14d672-e460-4161-a9bf-da2b06f734f3;Suite arithmético-géométrique : expression de uₙ en fonction de n;T_COMP;Suites > Suites arithmético-géométriques > suite auxiliaire;Suites > Suites arithmético-géométriques > suite auxiliaire;TCOMP-214;A306;confirme
9f14d672-e460-4161-a9bf-da2b06f734f3;Suite arithmético-géométrique : expression de uₙ en fonction de n;T_SPE;Suites > Suites arithmético-géométriques > suite auxiliaire;Suites > Suites arithmético-géométriques > suite auxiliaire;;D71;detaguer
5cb7f6ce-8c71-4874-9b42-cd9afd4a1c29;Sens de variation d'une suite arithmétique;1_SPE;Suites > Généralités sur les suites > sens de variation;Suites > Suites arithmétiques;1SPE-228;D68;deplacer_modele
337d31c3-5d6b-4bd0-b9da-f025ddb26145;Calculer un terme d'une suite arithmétique;1_SPE;Suites > Suites arithmétiques > calculer un terme;Suites > Suites arithmétiques > définition;1SPE-213;D72;remonter_point
7247dbb0-eeb4-49f0-9c54-4b6ce26f2db8;Calculer un terme d'une suite arithmétique;1_SPE;Suites > Suites arithmétiques > calculer un terme;Suites > Suites arithmétiques > définition;1SPE-213;D73;remonter_point
1315d326-1a4b-4abc-af93-f8ab9aeecc66;Déterminer la raison d'une suite arithmétique;1_SPE;Suites > Suites arithmétiques > raison;Suites > Suites arithmétiques > définition;1SPE-213;D76;remonter_point
c23840b6-f01c-4d33-ac40-4c5f9c2b6eab;Déterminer la raison d'une suite arithmétique;1_SPE;Suites > Suites arithmétiques > raison;Suites > Suites arithmétiques > définition;1SPE-213;D77;remonter_point
d2067413-da43-42bb-a24c-642d2a3cc5e8;Reconnaître une suite arithmétique ou géométrique sur un nuage de points;1_SPE;Suites > Suites arithmétiques > reconnaître;Suites > Suites arithmétiques > définition;1SPE-214;A307;confirme
d2943133-ebf7-424d-946a-8fed6cfa76be;Reconnaître une suite arithmétique ou géométrique à partir de sa forme explicite;1_SPE;Suites > Suites arithmétiques > reconnaître;Suites > Suites arithmétiques > définition;1SPE-213;D78;remonter_point
f63408c5-ec96-4a17-92bc-15796e0b9a61;Reconnaître une suite arithmétique ou géométrique à partir de sa relation de récurrence;1_SPE;Suites > Suites arithmétiques > reconnaître;Suites > Suites arithmétiques > définition;1SPE-213;D79;remonter_point
61e2ac1f-c21d-46ce-b5e2-57a72b9680af;Reconnaître une suite arithmétique ou géométrique à partir de ses premiers termes;1_SPE;Suites > Suites arithmétiques > reconnaître;Suites > Suites arithmétiques > définition;1SPE-213;D80;remonter_point
44b32cad-1803-4ff2-a649-4c502610b43c;Somme de termes consécutifs d'une suite arithmétique;1_SPE;Suites > Suites arithmétiques > somme des termes;Suites > Suites arithmétiques > somme des termes;1SPE-226;A309;confirme
ef807ee9-f95b-469a-a6a8-4232e933b4c6;Somme des premiers entiers;1_SPE;Suites > Suites arithmétiques > somme des termes;Suites > Suites arithmétiques > somme des termes;1SPE-215;A308;confirme
8ed02829-51de-40e2-af77-8fa47d01ea98;Calculer un terme d'une suite arithmétique;1_SPE;Suites > Suites arithmétiques > calculer un terme;Suites > Suites arithmétiques > terme général;1SPE-224;D74;deplacer_modele
a8b51d16-261f-4acd-a2c2-933d3ea9bab5;Calculer un terme d'une suite arithmétique;1_SPE;Suites > Suites arithmétiques > calculer un terme;Suites > Suites arithmétiques > terme général;1SPE-224;D75;deplacer_modele
0af4bf32-b97e-493d-bea4-917b6bbdf6f2;Deviner le terme général à partir d'une liste des premiers termes;1_SPE;Suites > Généralités sur les suites > deviner le terme général;Suites > Suites arithmétiques > terme général;1SPE-224;D64;deplacer_modele
373fc5b4-63af-409d-a1b9-1320ae9b3b75;Terme général d'une suite arithmétique;1_SPE;Suites > Suites arithmétiques > terme général;Suites > Suites arithmétiques > terme général;1SPE-224;A310;confirme
65e96f31-31fe-4c2b-b894-e689b998b849;Terme général d'une suite arithmétique;1_SPE;Suites > Suites arithmétiques > terme général;Suites > Suites arithmétiques > terme général;1SPE-224;A311;confirme
5042401b-ceb0-4dc2-aa48-b83e90ee4bf2;Sens de variation d'une suite géométrique de raison positive;1_SPE;Suites > Généralités sur les suites > sens de variation;Suites > Suites géométriques;1SPE-229;D67;deplacer_modele
279cf28f-a9e9-4c15-bd00-adbb9442c9bd;Calculer un terme d'une suite géométrique;1_SPE;Suites > Suites géométriques > calculer un terme;Suites > Suites géométriques > définition;1SPE-216;D82;remonter_point
ab4d55f7-d89d-4629-a60e-4ab880ff155c;Calculer un terme d'une suite géométrique;1_SPE;Suites > Suites géométriques > calculer un terme;Suites > Suites géométriques > définition;1SPE-216;D83;remonter_point
349e1be5-65c5-49ce-b8e5-627a0c4a0bf5;Déterminer la raison d'une suite géométrique;1_SPE;Suites > Suites géométriques > raison;Suites > Suites géométriques > définition;1SPE-216;D86;remonter_point
85afd455-84a0-4caa-82c0-36840b19a219;Déterminer la raison d'une suite géométrique;1_SPE;Suites > Suites géométriques > raison;Suites > Suites géométriques > définition;1SPE-216;D87;remonter_point
b72fae4a-f8c1-4758-a4d7-9a7523cda877;Somme de termes consécutifs d'une suite géométrique;1_SPE;Suites > Suites géométriques > somme des termes;Suites > Suites géométriques > somme des termes;1SPE-227;A320;confirme
e7cfe442-6653-4f97-a74e-08b8853d3305;Somme des puissances successives de q;1_SPE;Suites > Suites géométriques > somme des termes;Suites > Suites géométriques > somme des termes;1SPE-227;A321;confirme
727fb88a-0cb7-4937-88c7-c522dffe04f4;Calculer un terme d'une suite géométrique;1_SPE;Suites > Suites géométriques > calculer un terme;Suites > Suites géométriques > terme général;1SPE-225;D84;deplacer_modele
cf51cb93-c89b-477d-bfed-eb3cffae5edf;Calculer un terme d'une suite géométrique;1_SPE;Suites > Suites géométriques > calculer un terme;Suites > Suites géométriques > terme général;1SPE-225;D85;deplacer_modele
95c38330-063f-4ade-b1ae-152b84bce20f;Deviner le terme général à partir d'une liste des premiers termes;1_SPE;Suites > Généralités sur les suites > deviner le terme général;Suites > Suites géométriques > terme général;1SPE-225;D65;deplacer_modele
fc921674-ee4f-488c-9fe4-5598795c0508;Deviner le terme général à partir d'une liste des premiers termes;1_SPE;Suites > Généralités sur les suites > deviner le terme général;Suites > Suites géométriques > terme général;1SPE-225;D66;deplacer_modele
e67b1cbd-3a00-4379-bb4c-5a39ddff360f;Terme général d'une suite géométrique;1_SPE;Suites > Suites géométriques > terme général;Suites > Suites géométriques > terme général;1SPE-225;A322;confirme
eca755e6-dd1f-4a49-996d-88168fcfc4e5;Terme général d'une suite géométrique;1_SPE;Suites > Suites géométriques > terme général;Suites > Suites géométriques > terme général;1SPE-225;A323;confirme
146a7c79-ad5c-443c-85a1-c8d0014c2ad8;Comportement d'une suite sur l'escalier;1_SPE;Suites > Suites récurrentes > escalier;Suites > Suites récurrentes > escalier;;D88;detaguer
baefb288-6fb4-4fad-8e71-114145799ab6;Lire un terme sur l'escalier;1_SPE;Suites > Suites récurrentes > escalier;Suites > Suites récurrentes > escalier;;D89;detaguer
667a3618-fa5a-42bb-8541-046cf0e4ff03;uₙ₊₁ = f(uₙ) : conjecturer la limite sur l'escalier;T_COMP;Suites > Suites récurrentes > escalier;Suites > Suites récurrentes > escalier;TCOMP-212;C52;choisir
667a3618-fa5a-42bb-8541-046cf0e4ff03;uₙ₊₁ = f(uₙ) : conjecturer la limite sur l'escalier;T_SPE;Suites > Suites récurrentes > escalier;Suites > Suites récurrentes > escalier;TSPE-432;A324;confirme
57063ada-a70d-442d-a8c0-5081c8402f27;uₙ₊₁ = f(uₙ) convergente : calculer la limite avec f(ℓ) = ℓ;T_SPE;Suites > Suites récurrentes > point fixe;Suites > Suites récurrentes > point fixe;TSPE-432;A325;confirme
624bf511-0830-4aa7-91cc-1d016a94df2b;Allure des solutions de y′ = ay + b;T_COMP;Équations différentielles > Généralités > allure des courbes;Équations différentielles > Généralités > allure des courbes;TCOMP-249;A326;confirme
624bf511-0830-4aa7-91cc-1d016a94df2b;Allure des solutions de y′ = ay + b;T_SPE;Équations différentielles > Généralités > allure des courbes;Équations différentielles > Généralités > allure des courbes;TSPE-465;A327;confirme
efb12f4b-8f51-4e22-b6a3-2a5d977583b5;Reconnaître une solution d'une équation différentielle;T_COMP;Équations différentielles > Généralités > notion de solution;Équations différentielles > Généralités > notion de solution;TCOMP-250;A328;confirme
efb12f4b-8f51-4e22-b6a3-2a5d977583b5;Reconnaître une solution d'une équation différentielle;T_SPE;Équations différentielles > Généralités > notion de solution;Équations différentielles > Généralités > notion de solution;;D90;detaguer
968f4295-08a9-44a4-8327-9087de7efd85;Solution de y′ = ay vérifiant une condition initiale;T_COMP;Équations différentielles > y′ = ay > condition initiale;Équations différentielles > y′ = ay;TCOMP-253;D93;fusionner_sous_notions
968f4295-08a9-44a4-8327-9087de7efd85;Solution de y′ = ay vérifiant une condition initiale;T_SPE;Équations différentielles > y′ = ay > condition initiale;Équations différentielles > y′ = ay;TSPE-464;D94;fusionner_sous_notions
32bb4b83-1323-435e-b21d-4dd722321dd7;Solution constante de y′ = ay + b;T_COMP;Équations différentielles > y′ = ay + b > solution générale;Équations différentielles > y′ = ay + b;TCOMP-254;A329;confirme
2a1413ff-de6d-4380-912f-e8fbd977a8c9;Solution de y′ = ay + b vérifiant une condition initiale;T_COMP;Équations différentielles > y′ = ay + b > condition initiale;Équations différentielles > y′ = ay + b;TCOMP-255;X1;choisir
32bb4b83-1323-435e-b21d-4dd722321dd7;Solution constante de y′ = ay + b;T_SPE;Équations différentielles > y′ = ay + b > solution générale;Équations différentielles > y′ = ay + b;TSPE-469;A330;confirme
2a1413ff-de6d-4380-912f-e8fbd977a8c9;Solution de y′ = ay + b vérifiant une condition initiale;T_SPE;Équations différentielles > y′ = ay + b > condition initiale;Équations différentielles > y′ = ay + b;TSPE-469;D91;fusionner_sous_notions
e02fb162-ca4e-417c-ae37-e39a3798f16c;Solution de y′ = ay + f à partir d'une solution particulière;T_SPE;Équations différentielles > y′ = ay + f > solution particulière donnée;Équations différentielles > y′ = ay + f;TSPE-470;D92;fusionner_sous_notions
f01270c2-3c63-45c5-bfbb-8233154fadc6;Coefficient d'une primitive de la forme u′eᵘ, 2uu′ ou u′/u;T_COMP;Équations différentielles > y′ = f > formes u′eᵘ, 2uu′, u′/u;Équations différentielles > y′ = f > forme (v′∘u)×u′;TCOMP-252;A331;confirme
2d480f3d-2092-4f25-91b5-b92887f7b71b;Primitive de u′eᵘ, 2uu′ ou u′/u vérifiant une condition;T_COMP;Équations différentielles > y′ = f > formes u′eᵘ, 2uu′, u′/u;Équations différentielles > y′ = f > forme (v′∘u)×u′;TCOMP-252;A332;confirme
e332140f-28aa-4069-bbc2-88ee18c81ea0;Coefficient d'une primitive de la forme (v′∘u)×u′;T_SPE;Équations différentielles > y′ = f > forme (v′∘u)×u′;Équations différentielles > y′ = f > forme (v′∘u)×u′;TSPE-468;A333;confirme
f01270c2-3c63-45c5-bfbb-8233154fadc6;Coefficient d'une primitive de la forme u′eᵘ, 2uu′ ou u′/u;T_SPE;Équations différentielles > y′ = f > formes u′eᵘ, 2uu′, u′/u;Équations différentielles > y′ = f > forme (v′∘u)×u′;TSPE-468;D96;fusionner_sous_notions
2d480f3d-2092-4f25-91b5-b92887f7b71b;Primitive de u′eᵘ, 2uu′ ou u′/u vérifiant une condition;T_SPE;Équations différentielles > y′ = f > formes u′eᵘ, 2uu′, u′/u;Équations différentielles > y′ = f > forme (v′∘u)×u′;TSPE-468;D95;fusionner_sous_notions
3dbc5a7b-ceea-4ab9-8922-b77ee206f329;Deux primitives d'une même fonction diffèrent d'une constante;T_COMP;Équations différentielles > y′ = f > primitives : notion;Équations différentielles > y′ = f > primitives : notion;TCOMP-247;A334;confirme
3dbc5a7b-ceea-4ab9-8922-b77ee206f329;Deux primitives d'une même fonction diffèrent d'une constante;T_SPE;Équations différentielles > y′ = f > primitives : notion;Équations différentielles > y′ = f > primitives : notion;TSPE-462;A335;confirme
fe25be0a-db90-4052-8f4e-fffcafd763e8;Primitive d'un polynôme vérifiant une condition;T_COMP;Équations différentielles > y′ = f > primitives des fonctions de référence;Équations différentielles > y′ = f > primitives des fonctions de référence;TCOMP-251;A336;confirme
d0930e8c-a11b-489e-a931-0a8679cef3c6;Primitive de 1/x, eˣ, 1/x² ou 1/√x vérifiant une condition;T_COMP;Équations différentielles > y′ = f > primitives des fonctions de référence;Équations différentielles > y′ = f > primitives des fonctions de référence;TCOMP-251;A337;confirme
fe25be0a-db90-4052-8f4e-fffcafd763e8;Primitive d'un polynôme vérifiant une condition;T_SPE;Équations différentielles > y′ = f > primitives des fonctions de référence;Équations différentielles > y′ = f > primitives des fonctions de référence;TSPE-467;A338;autre_point
d0930e8c-a11b-489e-a931-0a8679cef3c6;Primitive de 1/x, eˣ, 1/x² ou 1/√x vérifiant une condition;T_SPE;Équations différentielles > y′ = f > primitives des fonctions de référence;Équations différentielles > y′ = f > primitives des fonctions de référence;TSPE-467;A339;autre_point
23402520-cbc3-4d49-b6dc-999e1ff17e3c;Primitive de sinus et cosinus vérifiant une condition;T_SPE;Équations différentielles > y′ = f > sinus et cosinus;Équations différentielles > y′ = f > primitives des fonctions de référence;TSPE-467;D97;deplacer_modele
